,start,stop,duration,peak_amplitude,peak_frequency,peak_freq_resolution,rms,terminal_frequency,terminal_frequency_threshold,region_id,audio_file,num_bats,video_annot_id
0,0.0,0.001556,0.001556,0.25933837890625,103470.43701799486,1282.051282051282,0.12597613578698727,93830.33419023137,-10,fm1,segment_matching_annotaudio_Aditya_2018-08-16_21502300_100_hp,2,Aditya_2018-08-16_21502300_100
1,0.001556,0.019152,0.017596,0.406402587890625,105876.33553080246,113.63636363636364,0.1724717169934754,105705.84223687202,-10,cf1,segment_matching_annotaudio_Aditya_2018-08-16_21502300_100_hp,2,Aditya_2018-08-16_21502300_100
2,0.019152,0.022004,0.002852,0.110443115234375,93267.88218793829,700.2801120448179,0.06158563532098238,92566.61991584854,-10,fm2,segment_matching_annotaudio_Aditya_2018-08-16_21502300_100_hp,2,Aditya_2018-08-16_21502300_100
0,0.001288,0.016604,0.015316,0.052093505859375,105379.9947767041,130.54830287206266,0.02548251934466438,105184.12118046486,-10,cf1,segment_matching_annotaudio_Aditya_2018-08-16_21502300_102_hp,1,Aditya_2018-08-16_21502300_102
1,0.016604,0.019488,0.002884,0.0428466796875,103675.45076282941,692.5207756232687,0.015163151758899544,88765.60332871013,-10,fm1,segment_matching_annotaudio_Aditya_2018-08-16_21502300_102_hp,1,Aditya_2018-08-16_21502300_102
0,0.000124,0.000476,0.000352,0.007904052734375,107954.54545454546,5555.555555555556,0.004059586159392402,96590.90909090909,-10,fm1,segment_matching_annotaudio_Aditya_2018-08-16_2324_14_hp,1,Aditya_2018-08-16_2324_14
1,0.000476,0.01442,0.013944,0.037750244140625,106712.56454388985,143.348623853211,0.01697470710760531,106569.13367756741,-10,cf1,segment_matching_annotaudio_Aditya_2018-08-16_2324_14_hp,1,Aditya_2018-08-16_2324_14
2,0.01442,0.016972,0.002552,0.029327392578125,106191.2225705329,781.25,0.010122916235117916,92868.33855799373,-10,fm2,segment_matching_annotaudio_Aditya_2018-08-16_2324_14_hp,1,Aditya_2018-08-16_2324_14
0,0.00098,0.010764,0.009784,0.03839111328125,102309.89370400655,204.2483660130719,0.017029902758711534,102105.47833197057,-10,cf1,segment_matching_annotaudio_Aditya_2018-08-16_2324_148_hp,1,Aditya_2018-08-16_2324_148
1,0.010764,0.0142,0.003436,0.0345458984375,102444.70314318978,581.3953488372093,0.013578001484352002,89057.0430733411,-10,fm1,segment_matching_annotaudio_Aditya_2018-08-16_2324_148_hp,1,Aditya_2018-08-16_2324_148
0,0.001048,0.0032,0.002152,0.115997314453125,98977.69516728626,925.925925925926,0.050982226666962796,90148.69888475837,-10,fm1,segment_matching_annotaudio_Aditya_2018-08-16_2324_154_hp,1,Aditya_2018-08-16_2324_154
1,0.0032,0.033456,0.030256,0.164337158203125,107681.12109994712,66.08511763150939,0.07827693135520976,107317.55684822846,-10,cf1,segment_matching_annotaudio_Aditya_2018-08-16_2324_154_hp,1,Aditya_2018-08-16_2324_154
2,0.033456,0.0368,0.003344,0.136871337890625,104964.1148325359,596.6587112171837,0.05307394897512237,88217.70334928231,-10,fm2,segment_matching_annotaudio_Aditya_2018-08-16_2324_154_hp,1,Aditya_2018-08-16_2324_154
0,0.000988,0.0035,0.002512,0.073638916015625,102707.00636942674,793.6507936507936,0.03374308027927146,90366.24203821656,-10,fm1,segment_matching_annotaudio_Aditya_2018-08-16_2324_207_hp,2,Aditya_2018-08-16_2324_207
1,0.0035,0.018268,0.014768,0.1307373046875,104347.23726977248,135.3546291283162,0.06312979395404943,104144.09534127844,-10,cf1,segment_matching_annotaudio_Aditya_2018-08-16_2324_207_hp,2,Aditya_2018-08-16_2324_207
2,0.018268,0.021828,0.00356,0.091949462890625,92134.83146067416,560.5381165919282,0.037506147486401395,88202.24719101124,-10,fm2,segment_matching_annotaudio_Aditya_2018-08-16_2324_207_hp,2,Aditya_2018-08-16_2324_207
0,0.000932,0.003148,0.002216,0.211395263671875,101083.03249097473,899.2805755395683,0.08351274949747228,91155.2346570397,-10,fm1,segment_matching_annotaudio_Aditya_2018-08-16_2324_223_hp,2,Aditya_2018-08-16_2324_223
1,0.003148,0.020304,0.017156,0.362152099609375,104278.38657029612,116.55011655011656,0.19848683659683575,104278.38657029612,-10,cf1,segment_matching_annotaudio_Aditya_2018-08-16_2324_223_hp,2,Aditya_2018-08-16_2324_223
2,0.020304,0.02318,0.002876,0.2000732421875,101529.90264255911,694.4444444444445,0.08706620343560906,87969.40194714883,-10,fm2,segment_matching_annotaudio_Aditya_2018-08-16_2324_223_hp,2,Aditya_2018-08-16_2324_223
0,0.000788,0.002548,0.00176,0.037353515625,101704.54545454547,1131.2217194570135,0.015419069253740765,95454.54545454547,-10,fm1,segment_matching_annotaudio_Aditya_2018-08-16_2324_230_hp,1,Aditya_2018-08-16_2324_230
1,0.002548,0.04222,0.039672,0.0833740234375,103196.20891308732,50.403225806451616,0.03342242887597782,102893.72857430934,-10,cf1,segment_matching_annotaudio_Aditya_2018-08-16_2324_230_hp,1,Aditya_2018-08-16_2324_230
2,0.04222,0.044676,0.002456,0.027374267578125,101791.53094462541,811.6883116883117,0.012564156424281712,88762.21498371336,-10,fm2,segment_matching_annotaudio_Aditya_2018-08-16_2324_230_hp,1,Aditya_2018-08-16_2324_230
0,0.000156,0.000596,0.00044,0.114013671875,104545.45454545456,4464.285714285715,0.05388192011312833,102272.72727272728,-10,fm1,segment_matching_annotaudio_Aditya_2018-08-16_2324_258_hp,1,Aditya_2018-08-16_2324_258
1,0.000596,0.020096,0.0195,0.286651611328125,106871.79487179487,102.54306808859721,0.1405469770734672,106717.94871794872,-10,cf1,segment_matching_annotaudio_Aditya_2018-08-16_2324_258_hp,1,Aditya_2018-08-16_2324_258
2,0.020096,0.021528,0.001432,0.113250732421875,106145.25139664806,1388.888888888889,0.040784147393590424,102653.6312849162,-10,fm2,segment_matching_annotaudio_Aditya_2018-08-16_2324_258_hp,1,Aditya_2018-08-16_2324_258
0,0.000196,0.012376,0.01218,0.077880859375,106650.24630541871,164.14970453053184,0.03756218550531112,106239.73727422002,-10,cf1,segment_matching_annotaudio_Aditya_2018-08-16_2324_28_hp,2,Aditya_2018-08-16_2324_28
1,0.012376,0.015944,0.003568,0.14471435546875,93890.13452914797,559.2841163310962,0.06080837391974553,90526.9058295964,-10,fm1,segment_matching_annotaudio_Aditya_2018-08-16_2324_28_hp,2,Aditya_2018-08-16_2324_28
0,0.000648,0.002464,0.001816,0.0469970703125,100220.26431718063,1096.4912280701753,0.0190763789063178,90308.37004405288,-10,fm1,segment_matching_annotaudio_Aditya_2018-08-16_2324_68_hp,1,Aditya_2018-08-16_2324_68
1,0.002464,0.02856,0.026096,0.103240966796875,103157.57204169221,76.6166104811523,0.0468981302098035,103080.93194359289,-10,cf1,segment_matching_annotaudio_Aditya_2018-08-16_2324_68_hp,1,Aditya_2018-08-16_2324_68
2,0.02856,0.030944,0.002384,0.06341552734375,100251.67785234899,836.1204013377926,0.022564934463365476,96476.5100671141,-10,fm2,segment_matching_annotaudio_Aditya_2018-08-16_2324_68_hp,1,Aditya_2018-08-16_2324_68
0,0.000924,0.001472,0.000548,0.01275634765625,102189.78102189781,3623.1884057971015,0.005698529035474203,100364.96350364963,-10,fm1,segment_matching_annotaudio_Aditya_2018-08-16_2324_90_hp,1,Aditya_2018-08-16_2324_90
1,0.001472,0.026396,0.024924,0.073699951171875,103915.90434922163,80.23106546854942,0.03491712785044865,103915.90434922163,-10,cf1,segment_matching_annotaudio_Aditya_2018-08-16_2324_90_hp,1,Aditya_2018-08-16_2324_90
2,0.026396,0.028116,0.00172,0.037384033203125,101162.79069767443,1157.4074074074074,0.015284430246755321,97674.41860465116,-10,fm2,segment_matching_annotaudio_Aditya_2018-08-16_2324_90_hp,1,Aditya_2018-08-16_2324_90
0,0.0013,0.01778,0.01648,0.107940673828125,103033.98058252428,121.300339640951,0.05648648672868572,102791.26213592234,-10,cf1,segment_matching_annotaudio_Aditya_2018-08-16_2324_94_hp,1,Aditya_2018-08-16_2324_94
1,0.01778,0.021,0.00322,0.135345458984375,87267.08074534162,620.3473945409429,0.054760617160721205,86335.40372670807,-10,fm1,segment_matching_annotaudio_Aditya_2018-08-16_2324_94_hp,1,Aditya_2018-08-16_2324_94
0,0.000576,0.002568,0.001992,0.035675048828125,106927.71084337351,1000.0,0.01614507390565913,94879.51807228917,-10,fm1,segment_matching_annotaudio_Aditya_2018-08-17_01_15_hp,1,Aditya_2018-08-17_01_15
1,0.002568,0.016968,0.0144,0.0684814453125,108958.33333333333,138.811771238201,0.038221313531571405,108819.44444444444,-10,cf1,segment_matching_annotaudio_Aditya_2018-08-17_01_15_hp,1,Aditya_2018-08-17_01_15
2,0.016968,0.018596,0.001628,0.04254150390625,107493.85749385749,1225.4901960784314,0.01985344188123822,92751.84275184275,-10,fm2,segment_matching_annotaudio_Aditya_2018-08-17_01_15_hp,1,Aditya_2018-08-17_01_15
0,8.8e-05,0.011524,0.011436,0.0352783203125,104931.79433368311,174.82517482517483,0.015864308524479984,104669.4648478489,-10,cf1,segment_matching_annotaudio_Aditya_2018-08-17_01_28_hp,1,Aditya_2018-08-17_01_28
1,0.011524,0.014,0.002476,0.0423583984375,104604.20032310179,806.4516129032259,0.01564146647087077,88045.23424878837,-10,fm1,segment_matching_annotaudio_Aditya_2018-08-17_01_28_hp,1,Aditya_2018-08-17_01_28
0,0.00024,0.000588,0.000348,0.011749267578125,103448.27586206897,5681.818181818182,0.006265940630885347,100574.71264367817,-10,fm1,segment_matching_annotaudio_Aditya_2018-08-17_01_29_hp,2,Aditya_2018-08-17_01_29
1,0.000588,0.031504,0.030916,0.054229736328125,105123.56061586234,64.68305304010349,0.022179164236628527,104606.02924052272,-10,cf1,segment_matching_annotaudio_Aditya_2018-08-17_01_29_hp,2,Aditya_2018-08-17_01_29
2,0.031504,0.033988,0.002484,0.03070068359375,102254.42834138486,803.8585209003215,0.011339052758773789,96618.35748792271,-10,fm2,segment_matching_annotaudio_Aditya_2018-08-17_01_29_hp,2,Aditya_2018-08-17_01_29
0,2.4e-05,0.01566,0.015636,0.031005859375,108467.63878229726,127.8772378516624,0.015367153316289555,108339.72883090304,-10,cf1,segment_matching_annotaudio_Aditya_2018-08-17_01_35_hp,2,Aditya_2018-08-17_01_35
1,0.01566,0.016896,0.001236,0.013275146484375,106796.11650485438,1612.9032258064517,0.006133888743004568,102750.80906148869,-10,fm1,segment_matching_annotaudio_Aditya_2018-08-17_01_35_hp,2,Aditya_2018-08-17_01_35
0,0.000436,0.002108,0.001672,0.0263671875,106459.33014354068,1190.4761904761904,0.011365825420341216,92105.26315789475,-10,fm1,segment_matching_annotaudio_Aditya_2018-08-17_01_40_hp,2,Aditya_2018-08-17_01_40
1,0.002108,0.016456,0.014348,0.04412841796875,106913.85558962921,139.35340022296543,0.019949579030063037,106774.4633398383,-10,cf1,segment_matching_annotaudio_Aditya_2018-08-17_01_40_hp,2,Aditya_2018-08-17_01_40
2,0.016456,0.0189,0.002444,0.025421142578125,95744.68085106382,816.9934640522875,0.008730690017431769,91243.86252045826,-10,fm2,segment_matching_annotaudio_Aditya_2018-08-17_01_40_hp,2,Aditya_2018-08-17_01_40
0,0.000292,0.00136,0.001068,0.048553466796875,107677.90262172285,1865.6716417910447,0.020276490718423183,104868.91385767791,-10,fm1,segment_matching_annotaudio_Aditya_2018-08-17_01_46_hp,2,Aditya_2018-08-17_01_46
1,0.00136,0.025388,0.024028,0.0892333984375,109913.43432661895,83.22237017310253,0.04728678437974849,109746.96187780924,-10,cf1,segment_matching_annotaudio_Aditya_2018-08-17_01_46_hp,2,Aditya_2018-08-17_01_46
2,0.025388,0.026896,0.001508,0.0406494140625,110742.70557029179,1322.7513227513227,0.015922998282873427,106100.79575596817,-10,fm2,segment_matching_annotaudio_Aditya_2018-08-17_01_46_hp,2,Aditya_2018-08-17_01_46
0,0.001168,0.018824,0.017656,0.073272705078125,106139.55595831446,113.22463768115942,0.03766645969895062,105969.64204802901,-10,cf1,segment_matching_annotaudio_Aditya_2018-08-17_01_60_hp,3,Aditya_2018-08-17_01_60
1,0.018824,0.02096,0.002136,0.09185791015625,105805.24344569289,932.8358208955224,0.02925529809886189,89887.64044943822,-10,fm1,segment_matching_annotaudio_Aditya_2018-08-17_01_60_hp,3,Aditya_2018-08-17_01_60
0,0.000716,0.001732,0.001016,0.01983642578125,105314.96062992126,1953.125,0.009412343893799392,100393.70078740158,-10,fm1,segment_matching_annotaudio_Aditya_2018-08-17_01_80_hp,1,Aditya_2018-08-17_01_80
1,0.001732,0.019528,0.017796,0.051300048828125,108676.10699033491,112.35955056179775,0.0254977466108319,108395.1449763992,-10,cf1,segment_matching_annotaudio_Aditya_2018-08-17_01_80_hp,1,Aditya_2018-08-17_01_80
2,0.019528,0.020932,0.001404,0.0374755859375,106125.35612535613,1420.4545454545455,0.013057333881227649,102564.10256410258,-10,fm2,segment_matching_annotaudio_Aditya_2018-08-17_01_80_hp,1,Aditya_2018-08-17_01_80
0,0.000968,0.001604,0.000636,0.01580810546875,108490.56603773586,3125.0,0.006791380885321118,103773.58490566039,-10,fm1,segment_matching_annotaudio_Aditya_2018-08-17_01_81_hp,1,Aditya_2018-08-17_01_81
1,0.001604,0.015024,0.01342,0.06329345703125,106929.95529061103,148.98688915375448,0.034385444893102204,106780.92399403875,-10,cf1,segment_matching_annotaudio_Aditya_2018-08-17_01_81_hp,1,Aditya_2018-08-17_01_81
2,0.015024,0.016872,0.001848,0.036712646484375,104437.22943722946,1077.5862068965516,0.013139156259117964,100108.22510822512,-10,fm2,segment_matching_annotaudio_Aditya_2018-08-17_01_81_hp,1,Aditya_2018-08-17_01_81
0,0.001916,0.01904,0.017124,0.0384521484375,104998.83204858677,116.76786548341896,0.018543998957888552,104998.83204858677,-10,cf1,segment_matching_annotaudio_Aditya_2018-08-17_12_100_hp,1,Aditya_2018-08-17_12_100
1,0.01904,0.020816,0.001776,0.0255126953125,105292.7927927928,1121.0762331838564,0.010232623895359397,94594.59459459459,-10,fm1,segment_matching_annotaudio_Aditya_2018-08-17_12_100_hp,1,Aditya_2018-08-17_12_100
0,0.0,0.002652,0.002652,0.062896728515625,111990.95022624436,753.0120481927711,0.022765796440393088,108220.21116138763,-10,fm1,segment_matching_annotaudio_Aditya_2018-08-17_12_121_hp,1,Aditya_2018-08-17_12_121
1,0.002652,0.064032,0.06138,0.165771484375,112398.17530140112,32.58178026847387,0.07233143106847419,112316.71554252201,-10,cf1,segment_matching_annotaudio_Aditya_2018-08-17_12_121_hp,1,Aditya_2018-08-17_12_121
2,0.064032,0.066004,0.001972,0.0528564453125,109533.46855983774,1012.1457489878543,0.016524572345035418,102941.17647058825,-10,fm2,segment_matching_annotaudio_Aditya_2018-08-17_12_121_hp,1,Aditya_2018-08-17_12_121
0,1.6e-05,0.000956,0.00094,0.02899169921875,106382.97872340426,2118.64406779661,0.011733753832837914,104255.31914893618,-10,fm1,segment_matching_annotaudio_Aditya_2018-08-17_12_76_hp,1,Aditya_2018-08-17_12_76
1,0.000956,0.02114,0.020184,0.086944580078125,108402.69520412208,99.04912836767036,0.03901157393407416,108154.97423701943,-10,cf1,segment_matching_annotaudio_Aditya_2018-08-17_12_76_hp,1,Aditya_2018-08-17_12_76
2,0.02114,0.02326,0.00212,0.041015625,108962.2641509434,939.8496240601504,0.016867308026910895,92924.52830188679,-10,fm2,segment_matching_annotaudio_Aditya_2018-08-17_12_76_hp,1,Aditya_2018-08-17_12_76
0,0.000912,0.002432,0.00152,0.036346435546875,103947.36842105264,1308.9005235602094,0.014605104533289245,98026.3157894737,-10,fm1,segment_matching_annotaudio_Aditya_2018-08-17_34_40_hp,3,Aditya_2018-08-17_34_40
1,0.002432,0.017096,0.014664,0.088592529296875,104950.90016366613,136.31406761177755,0.05037784335927204,104678.12329514457,-10,cf1,segment_matching_annotaudio_Aditya_2018-08-17_34_40_hp,3,Aditya_2018-08-17_34_40
2,0.017096,0.02,0.002904,0.058441162109375,103650.13774104683,686.8131868131868,0.020902383300264674,99173.55371900825,-10,fm2,segment_matching_annotaudio_Aditya_2018-08-17_34_40_hp,3,Aditya_2018-08-17_34_40
0,0.000924,0.002792,0.001868,0.04437255859375,102783.72591006424,1068.3760683760684,0.02204226428242958,93683.08351177731,-10,fm1,segment_matching_annotaudio_Aditya_2018-08-17_34_65_hp,2,Aditya_2018-08-17_34_65
1,0.002792,0.022052,0.01926,0.097137451171875,105711.31879543095,103.82059800664452,0.048066132595041375,105659.39771547249,-10,cf1,segment_matching_annotaudio_Aditya_2018-08-17_34_65_hp,2,Aditya_2018-08-17_34_65
2,0.022052,0.024332,0.00228,0.050445556640625,104385.9649122807,874.1258741258741,0.021441529373693927,87719.29824561405,-10,fm2,segment_matching_annotaudio_Aditya_2018-08-17_34_65_hp,2,Aditya_2018-08-17_34_65
0,0.000448,0.001924,0.001476,0.02606201171875,104336.04336043361,1351.3513513513512,0.009795511460803007,101626.0162601626,-10,fm1,segment_matching_annotaudio_Aditya_2018-08-17_34_71_hp,1,Aditya_2018-08-17_34_71
1,0.001924,0.02218,0.020256,0.06817626953125,106635.0710900474,98.69719699960521,0.03326020321673764,106486.96682464455,-10,cf1,segment_matching_annotaudio_Aditya_2018-08-17_34_71_hp,1,Aditya_2018-08-17_34_71
2,0.02218,0.024996,0.002816,0.05120849609375,98366.47727272728,708.2152974504249,0.02042015207440226,92329.54545454546,-10,fm2,segment_matching_annotaudio_Aditya_2018-08-17_34_71_hp,1,Aditya_2018-08-17_34_71
0,0.000216,0.01484,0.014624,0.0391845703125,104007.11159737418,136.6867140513942,0.018099955121279064,103870.3501094092,-10,cf1,segment_matching_annotaudio_Aditya_2018-08-17_34_72_hp,1,Aditya_2018-08-17_34_72
1,0.01484,0.017952,0.003112,0.030242919921875,104113.11053984576,641.025641025641,0.012636483500819785,87403.59897172237,-10,fm1,segment_matching_annotaudio_Aditya_2018-08-17_34_72_hp,1,Aditya_2018-08-17_34_72
0,0.000328,0.0014,0.001072,0.0096435546875,97947.76119402985,1851.851851851852,0.004215282858102693,94216.41791044777,-10,fm1,segment_matching_annotaudio_Aditya_2018-08-17_45_116_hp,1,Aditya_2018-08-17_45_116
1,0.0014,0.024364,0.022964,0.030120849609375,105338.79115136738,87.07767328456984,0.015787049229462405,105208.15188991466,-10,cf1,segment_matching_annotaudio_Aditya_2018-08-17_45_116_hp,1,Aditya_2018-08-17_45_116
2,0.024364,0.026996,0.002632,0.024566650390625,103723.40425531915,757.5757575757576,0.009601036668696739,92705.16717325228,-10,fm2,segment_matching_annotaudio_Aditya_2018-08-17_45_116_hp,1,Aditya_2018-08-17_45_116
0,0.000168,0.013648,0.01348,0.04010009765625,105415.43026706231,148.27995255041517,0.01762935285139469,105341.2462908012,-10,cf1,segment_matching_annotaudio_Aditya_2018-08-17_45_127_hp,1,Aditya_2018-08-17_45_127
1,0.013648,0.01498,0.001332,0.01519775390625,105855.85585585587,1497.005988023952,0.00693838593393711,91591.5915915916,-10,fm1,segment_matching_annotaudio_Aditya_2018-08-17_45_127_hp,1,Aditya_2018-08-17_45_127
0,0.001072,0.001756,0.000684,0.00506591796875,106725.14619883042,2906.9767441860463,0.002277591528338971,96491.22807017545,-10,fm1,segment_matching_annotaudio_Aditya_2018-08-17_45_173_hp,1,Aditya_2018-08-17_45_173
1,0.001756,0.015696,0.01394,0.03240966796875,108321.37733142037,143.4308663224326,0.01617306903754521,108249.6413199426,-10,cf1,segment_matching_annotaudio_Aditya_2018-08-17_45_173_hp,1,Aditya_2018-08-17_45_173
2,0.015696,0.017972,0.002276,0.0301513671875,106766.25659050967,877.1929824561404,0.012798710172890053,96660.80843585238,-10,fm2,segment_matching_annotaudio_Aditya_2018-08-17_45_173_hp,1,Aditya_2018-08-17_45_173
0,3.2e-05,0.002244,0.002212,0.01904296875,103526.22061482821,902.5270758122743,0.008447684517968658,91320.07233273056,-10,fm1,segment_matching_annotaudio_Aditya_2018-08-17_45_200_hp,1,Aditya_2018-08-17_45_200
1,0.002244,0.020284,0.01804,0.03741455078125,104988.91352549888,110.81560283687944,0.017199956326839273,104767.18403547672,-10,cf1,segment_matching_annotaudio_Aditya_2018-08-17_45_200_hp,1,Aditya_2018-08-17_45_200
2,0.020284,0.022332,0.002048,0.021240234375,91796.875,972.7626459143969,0.010424511482964258,88378.90625,-10,fm2,segment_matching_annotaudio_Aditya_2018-08-17_45_200_hp,1,Aditya_2018-08-17_45_200
0,0.00024,0.00224,0.002,0.062530517578125,103000.0,996.01593625498,0.026128887700037073,96000.0,-10,fm1,segment_matching_annotaudio_Aditya_2018-08-17_45_269_hp,1,Aditya_2018-08-17_45_269
1,0.00224,0.022324,0.020084,0.098724365234375,105805.61641107351,99.56192751891676,0.05300439673414972,105706.03465445132,-10,cf1,segment_matching_annotaudio_Aditya_2018-08-17_45_269_hp,1,Aditya_2018-08-17_45_269
2,0.022324,0.0252,0.002876,0.07281494140625,102920.72322670376,694.4444444444445,0.029500451941677656,91446.45340751043,-10,fm2,segment_matching_annotaudio_Aditya_2018-08-17_45_269_hp,1,Aditya_2018-08-17_45_269
0,0.00022,0.00194,0.00172,0.1068115234375,101744.18604651163,1157.4074074074074,0.058048995192801094,90116.27906976745,-10,fm1,segment_matching_annotaudio_Aditya_2018-08-17_45_29_hp,1,Aditya_2018-08-17_45_29
1,0.00194,0.026932,0.024992,0.191314697265625,102832.90653008963,80.0,0.09144136606720515,102712.8681177977,-10,cf1,segment_matching_annotaudio_Aditya_2018-08-17_45_29_hp,1,Aditya_2018-08-17_45_29
2,0.026932,0.028996,0.002064,0.0830078125,103682.17054263568,965.2509652509652,0.033589781623187966,87693.79844961241,-10,fm2,segment_matching_annotaudio_Aditya_2018-08-17_45_29_hp,1,Aditya_2018-08-17_45_29
0,0.0,0.002652,0.002652,0.025665283203125,92383.10708898945,753.0120481927711,0.010660448712086908,90874.81146304676,-10,fm1,segment_matching_annotaudio_Aditya_2018-08-17_45_337_hp,1,Aditya_2018-08-17_45_337
1,0.002652,0.019932,0.01728,0.02978515625,104861.11111111111,115.68718186024988,0.011278478127657298,104629.62962962962,-10,cf1,segment_matching_annotaudio_Aditya_2018-08-17_45_337_hp,1,Aditya_2018-08-17_45_337
2,0.019932,0.024,0.004068,0.07440185546875,96607.66961651918,491.1591355599214,0.024165196281358634,91937.06981317601,-10,fm2,segment_matching_annotaudio_Aditya_2018-08-17_45_337_hp,1,Aditya_2018-08-17_45_337
0,0.0,0.001264,0.001264,0.093231201171875,102056.96202531646,1572.3270440251572,0.044083064802929256,95727.84810126583,-10,fm1,segment_matching_annotaudio_Aditya_2018-08-17_45_342_hp,1,Aditya_2018-08-17_45_342
1,0.001264,0.018736,0.017472,0.42010498046875,105196.88644688646,114.41647597254004,0.23655392682558316,104796.24542124543,-10,cf1,segment_matching_annotaudio_Aditya_2018-08-17_45_342_hp,1,Aditya_2018-08-17_45_342
2,0.018736,0.021,0.002264,0.293731689453125,96289.75265017668,880.2816901408451,0.14942203364151055,91872.79151943463,-10,fm2,segment_matching_annotaudio_Aditya_2018-08-17_45_342_hp,1,Aditya_2018-08-17_45_342
0,0.000916,0.00292,0.002004,0.02337646484375,99301.39720558884,996.01593625498,0.012346319869709924,96307.38522954093,-10,fm1,segment_matching_annotaudio_Aditya_2018-08-19_0120-0200_110_hp,1,Aditya_2018-08-19_0120-0200_110
1,0.00292,0.025636,0.022716,0.050018310546875,107809.47349885544,88.02816901408451,0.025217456662131627,107501.32065504491,-10,cf1,segment_matching_annotaudio_Aditya_2018-08-19_0120-0200_110_hp,1,Aditya_2018-08-19_0120-0200_110
2,0.025636,0.029464,0.003828,0.03167724609375,95350.05224660398,521.9206680584551,0.01382079378424582,92215.25600835947,-10,fm2,segment_matching_annotaudio_Aditya_2018-08-19_0120-0200_110_hp,1,Aditya_2018-08-19_0120-0200_110
0,0.00084,0.003128,0.002288,0.043426513671875,104458.04195804195,871.0801393728223,0.0234843822856311,90034.96503496503,-10,fm1,segment_matching_annotaudio_Aditya_2018-08-19_0120-0200_112_hp,1,Aditya_2018-08-19_0120-0200_112
1,0.003128,0.024296,0.021168,0.06744384765625,105442.17687074831,94.44654325651682,0.03689358296860431,105394.93575207861,-10,cf1,segment_matching_annotaudio_Aditya_2018-08-19_0120-0200_112_hp,1,Aditya_2018-08-19_0120-0200_112
2,0.024296,0.026084,0.001788,0.029815673828125,104026.8456375839,1116.0714285714287,0.01677503935337314,90604.02684563759,-10,fm2,segment_matching_annotaudio_Aditya_2018-08-19_0120-0200_112_hp,1,Aditya_2018-08-19_0120-0200_112
0,0.001252,0.014708,0.013456,0.06951904296875,105677.76456599287,148.54426619132502,0.032608015012612825,105603.44827586207,-10,cf1,segment_matching_annotaudio_Aditya_2018-08-19_0120-0200_59_hp,3,Aditya_2018-08-19_0120-0200_59
1,0.014708,0.018112,0.003404,0.05096435546875,104289.07168037603,586.8544600938967,0.021965106892952252,88719.15393654525,-10,fm1,segment_matching_annotaudio_Aditya_2018-08-19_0120-0200_59_hp,3,Aditya_2018-08-19_0120-0200_59
0,0.000316,0.002636,0.00232,0.06170654296875,104741.37931034483,859.106529209622,0.022982429045815475,98275.86206896552,-10,fm1,segment_matching_annotaudio_Aditya_2018-08-19_0120-0200_90_hp,1,Aditya_2018-08-19_0120-0200_90
1,0.002636,0.017032,0.014396,0.109466552734375,108155.04306751877,138.88888888888889,0.057322326860059995,107807.72436787997,-10,cf1,segment_matching_annotaudio_Aditya_2018-08-19_0120-0200_90_hp,1,Aditya_2018-08-19_0120-0200_90
2,0.017032,0.019668,0.002636,0.039215087890625,105462.82245827011,757.5757575757576,0.017330070870267535,93702.57966616086,-10,fm2,segment_matching_annotaudio_Aditya_2018-08-19_0120-0200_90_hp,1,Aditya_2018-08-19_0120-0200_90
0,0.0,0.016812,0.016812,0.144073486328125,105222.46014751367,118.93434823977165,0.0715054883990913,104984.5348560552,-10,cf1,segment_matching_annotaudio_Aditya_2018-08-19_23_16_hp,1,Aditya_2018-08-19_23_16
1,0.016812,0.02,0.003188,0.148284912109375,103513.17440401507,626.5664160401003,0.04911755564075778,87515.68381430364,-10,fm1,segment_matching_annotaudio_Aditya_2018-08-19_23_16_hp,1,Aditya_2018-08-19_23_16
0,0.0,0.001776,0.001776,0.01251220703125,101914.41441441441,1121.0762331838564,0.0046817984627346015,91216.21621621621,-10,fm1,segment_matching_annotaudio_Aditya_2018-08-19_23_17_hp,1,Aditya_2018-08-19_23_17
1,0.001776,0.013936,0.01216,0.026458740234375,104029.60526315791,164.3655489809336,0.013527549429666394,103618.42105263159,-10,cf1,segment_matching_annotaudio_Aditya_2018-08-19_23_17_hp,1,Aditya_2018-08-19_23_17
2,0.013936,0.016004,0.002068,0.022735595703125,102514.50676982592,965.2509652509652,0.009223633584022572,96228.23984526112,-10,fm2,segment_matching_annotaudio_Aditya_2018-08-19_23_17_hp,1,Aditya_2018-08-19_23_17
0,0.000272,0.00194,0.001668,0.025482177734375,101918.46522781775,1196.1722488038276,0.010842280594342437,92925.65947242206,-10,fm1,segment_matching_annotaudio_Aditya_2018-08-19_23_18_hp,2,Aditya_2018-08-19_23_18
1,0.00194,0.017028,0.015088,0.050384521484375,104453.87062566279,132.48542660307365,0.02732953702293529,104321.31495227996,-10,cf1,segment_matching_annotaudio_Aditya_2018-08-19_23_18_hp,2,Aditya_2018-08-19_23_18
2,0.017028,0.019,0.001972,0.036468505859375,101926.97768762679,1012.1457489878543,0.01694708975526295,87728.19472616634,-10,fm2,segment_matching_annotaudio_Aditya_2018-08-19_23_18_hp,2,Aditya_2018-08-19_23_18
0,0.000984,0.002968,0.001984,0.037109375,106350.8064516129,1004.0160642570281,0.016455796797431064,95262.09677419355,-10,fm1,segment_matching_annotaudio_Aditya_2018-08-19_23_39_hp,2,Aditya_2018-08-19_23_39
1,0.002968,0.02822,0.025252,0.072479248046875,107041.02645335023,79.18910357934749,0.039408783966449874,107001.42562965311,-10,cf1,segment_matching_annotaudio_Aditya_2018-08-19_23_39_hp,2,Aditya_2018-08-19_23_39
2,0.02822,0.034008,0.005788,0.043365478515625,103489.9792674499,345.30386740331494,0.01214869669557119,92432.6192121631,-10,fm2,segment_matching_annotaudio_Aditya_2018-08-19_23_39_hp,2,Aditya_2018-08-19_23_39
0,0.000576,0.00208,0.001504,0.013702392578125,101728.72340425533,1322.7513227513227,0.007452047634083541,92420.21276595746,-10,fm1,segment_matching_annotaudio_Aditya_2018-08-20_0300-0400_56_hp,1,Aditya_2018-08-20_0300-0400_56
1,0.00208,0.04672,0.04464,0.025848388671875,103651.43369175628,44.79483963447411,0.012356142603114767,103427.41935483871,-10,cf1,segment_matching_annotaudio_Aditya_2018-08-20_0300-0400_56_hp,1,Aditya_2018-08-20_0300-0400_56
2,0.04672,0.050208,0.003488,0.016448974609375,90596.33027522937,572.0823798627002,0.006840397253690736,90022.93577981653,-10,fm2,segment_matching_annotaudio_Aditya_2018-08-20_0300-0400_56_hp,1,Aditya_2018-08-20_0300-0400_56
0,0.001024,0.002708,0.001684,0.061859130859375,104513.06413301664,1184.8341232227488,0.02351406662160667,96199.52494061759,-10,fm1,segment_matching_annotaudio_Aditya_2018-08-17_23_111_hp,1,Aditya_2018-08-17_23_111
1,0.002708,0.020592,0.017884,0.113006591796875,105065.98076492954,111.80679785330948,0.05732499273982476,104842.31715499888,-10,cf1,segment_matching_annotaudio_Aditya_2018-08-17_23_111_hp,1,Aditya_2018-08-17_23_111
2,0.020592,0.021924,0.001332,0.03271484375,94594.5945945946,1497.005988023952,0.0128702109015295,91591.5915915916,-10,fm2,segment_matching_annotaudio_Aditya_2018-08-17_23_111_hp,1,Aditya_2018-08-17_23_111
0,0.000708,0.002488,0.00178,0.01776123046875,94943.82022471911,1121.0762331838564,0.00886549947409662,91011.23595505618,-10,fm1,segment_matching_annotaudio_Aditya_2018-08-17_23_133_hp,2,Aditya_2018-08-17_23_133
1,0.002488,0.01836,0.015872,0.075958251953125,103830.64516129032,125.94458438287154,0.040097377181291124,103641.63306451612,-10,cf1,segment_matching_annotaudio_Aditya_2018-08-17_23_133_hp,2,Aditya_2018-08-17_23_133
2,0.01836,0.020508,0.002148,0.066741943359375,98696.46182495345,929.368029739777,0.03330914208840582,84729.98137802607,-10,fm2,segment_matching_annotaudio_Aditya_2018-08-17_23_133_hp,2,Aditya_2018-08-17_23_133
0,4e-05,0.016372,0.016332,0.035980224609375,103783.98236590743,122.42899118511264,0.017021184203164872,103722.75287778594,-10,cf1,segment_matching_annotaudio_Aditya_2018-08-17_23_14_hp,1,Aditya_2018-08-17_23_14
1,0.016372,0.020836,0.004464,0.0323486328125,103942.65232974911,447.2271914132379,0.01130573023560813,103270.60931899642,-10,fm1,segment_matching_annotaudio_Aditya_2018-08-17_23_14_hp,1,Aditya_2018-08-17_23_14
0,0.000248,0.000872,0.000624,0.01324462890625,100961.53846153845,3164.5569620253164,0.006566107650413819,96153.84615384616,-10,fm1,segment_matching_annotaudio_Aditya_2018-08-17_23_145_hp,1,Aditya_2018-08-17_23_145
1,0.000872,0.019436,0.018564,0.0341796875,102402.499461323,107.7121930202499,0.01508885556263966,102348.63176039647,-10,cf1,segment_matching_annotaudio_Aditya_2018-08-17_23_145_hp,1,Aditya_2018-08-17_23_145
2,0.019436,0.020988,0.001552,0.02215576171875,102448.45360824742,1282.051282051282,0.008142453457958401,86984.53608247422,-10,fm2,segment_matching_annotaudio_Aditya_2018-08-17_23_145_hp,1,Aditya_2018-08-17_23_145
0,0.00034,0.002992,0.002652,0.03192138671875,104072.39819004525,753.0120481927711,0.014648347981880886,93137.25490196078,-10,fm1,segment_matching_annotaudio_Aditya_2018-08-17_23_15_hp,1,Aditya_2018-08-17_23_15
1,0.002992,0.020376,0.017384,0.05145263671875,106477.22043258169,114.99540018399264,0.021492813478195993,106247.12379199264,-10,cf1,segment_matching_annotaudio_Aditya_2018-08-17_23_15_hp,1,Aditya_2018-08-17_23_15
2,0.020376,0.02256,0.002184,0.015777587890625,103937.72893772896,912.4087591240876,0.00717436754825042,92032.96703296705,-10,fm2,segment_matching_annotaudio_Aditya_2018-08-17_23_15_hp,1,Aditya_2018-08-17_23_15
0,0.00062,0.0023,0.00168,0.0225830078125,102976.19047619049,1184.8341232227488,0.011705355425591148,92857.14285714287,-10,fm1,segment_matching_annotaudio_Aditya_2018-08-17_23_196_hp,1,Aditya_2018-08-17_23_196
1,0.0023,0.018728,0.016428,0.067352294921875,105368.88239590943,121.71372930866602,0.030438533227656554,105125.39566593622,-10,cf1,segment_matching_annotaudio_Aditya_2018-08-17_23_196_hp,1,Aditya_2018-08-17_23_196
2,0.018728,0.021796,0.003068,0.075439453125,102672.75097783573,651.0416666666666,0.03329453316891609,89960.88657105606,-10,fm2,segment_matching_annotaudio_Aditya_2018-08-17_23_196_hp,1,Aditya_2018-08-17_23_196
0,7.2e-05,0.001984,0.001912,0.028045654296875,100418.41004184101,1041.6666666666667,0.011454930576892935,91527.19665271966,-10,fm1,segment_matching_annotaudio_Aditya_2018-08-17_23_56_hp,1,Aditya_2018-08-17_23_56
1,0.001984,0.028524,0.02654,0.043365478515625,104107.00828937453,75.34659433393611,0.020479150318440865,103993.9713639789,-10,cf1,segment_matching_annotaudio_Aditya_2018-08-17_23_56_hp,1,Aditya_2018-08-17_23_56
2,0.028524,0.031924,0.0034,0.035736083984375,101470.58823529413,586.8544600938967,0.01053841008090803,87058.82352941176,-10,fm2,segment_matching_annotaudio_Aditya_2018-08-17_23_56_hp,1,Aditya_2018-08-17_23_56
0,0.000152,0.013896,0.013744,0.105194091796875,103245.05238649594,145.43339150668993,0.05650057497433976,103099.53434225846,-10,cf1,segment_matching_annotaudio_Aditya_2018-08-17_23_70_hp,1,Aditya_2018-08-17_23_70
1,0.013896,0.017936,0.00404,0.1195068359375,88613.86138613861,494.0711462450593,0.045402157047587766,87871.28712871287,-10,fm1,segment_matching_annotaudio_Aditya_2018-08-17_23_70_hp,1,Aditya_2018-08-17_23_70
0,0.000336,0.00172,0.001384,0.01513671875,96820.80924855491,1436.7816091954023,0.005352449205236988,91763.00578034681,-10,fm1,segment_matching_annotaudio_Aditya_2018-08-17_23_84_hp,1,Aditya_2018-08-17_23_84
1,0.00172,0.018384,0.016664,0.027801513671875,102136.34181469036,119.9616122840691,0.013470824955530265,101956.31301008162,-10,cf1,segment_matching_annotaudio_Aditya_2018-08-17_23_84_hp,1,Aditya_2018-08-17_23_84
2,0.018384,0.020244,0.00186,0.019073486328125,103225.80645161291,1072.961373390558,0.006832039068650937,91935.48387096774,-10,fm2,segment_matching_annotaudio_Aditya_2018-08-17_23_84_hp,1,Aditya_2018-08-17_23_84
