,Unnamed: 0,audio_file,duration,peak_amplitude,peak_freq_resolution,peak_frequency,region_id,rms,start,stop,terminal_frequency,terminal_frequency_threshold,video_annot_id,num_bats
0,0,segment_matching_annotaudio_Aditya_2018-08-16_21502300_100_hp,0.001556,0.25933837890625,1282.051282051282,103470.43701799486,fm1,0.12597613578698727,0.0,0.001556,93830.33419023137,-10,Aditya_2018-08-16_21502300_100,2
1,1,segment_matching_annotaudio_Aditya_2018-08-16_21502300_100_hp,0.017596,0.406402587890625,113.63636363636364,105876.33553080246,cf1,0.1724717169934754,0.001556,0.019152000000000002,105705.84223687203,-10,Aditya_2018-08-16_21502300_100,2
2,2,segment_matching_annotaudio_Aditya_2018-08-16_21502300_100_hp,0.0017640000000000002,0.110443115234375,1131.2217194570135,104875.28344671203,fm2,0.06983543678077646,0.019152000000000002,0.020916,92403.62811791383,-10,Aditya_2018-08-16_21502300_100,2
3,3,segment_matching_annotaudio_Aditya_2018-08-16_21502300_100_hp,0.001088,0.08953857421875,1824.8175182481752,91911.76470588236,cf2,0.045110477178473087,0.020916,0.022004,91911.76470588236,-10,Aditya_2018-08-16_21502300_100,2
4,0,segment_matching_annotaudio_Aditya_2018-08-16_21502300_102_hp,0.000192,0.01324462890625,10000.0,104166.66666666666,fm1,0.006659571415943168,0.001288,0.00148,98958.33333333331,-10,Aditya_2018-08-16_21502300_102,1
5,1,segment_matching_annotaudio_Aditya_2018-08-16_21502300_102_hp,0.015124,0.052093505859375,132.20518244315178,105395.3980428458,cf1,0.025632780047203683,0.00148,0.016604,105197.03782068237,-10,Aditya_2018-08-16_21502300_102,1
6,2,segment_matching_annotaudio_Aditya_2018-08-16_21502300_102_hp,0.00216,0.0428466796875,922.509225092251,103703.7037037037,fm2,0.017091138730107477,0.016604,0.018764,90277.77777777775,-10,Aditya_2018-08-16_21502300_102,1
7,3,segment_matching_annotaudio_Aditya_2018-08-16_21502300_102_hp,0.000176,0.019073486328125,10869.565217391304,85227.27272727274,cf2,0.008572033810916752,0.018764,0.018940000000000002,79545.45454545454,-10,Aditya_2018-08-16_21502300_102,1
8,4,segment_matching_annotaudio_Aditya_2018-08-16_21502300_102_hp,0.0005480000000000001,0.0147705078125,3623.1884057971015,104014.59854014599,fm3,0.005920558275684602,0.018940000000000002,0.019488,83941.60583941606,-10,Aditya_2018-08-16_21502300_102,1
9,0,segment_matching_annotaudio_Aditya_2018-08-16_21502300_19_hp,0.0018960000000000001,0.14495849609375,1050.420168067227,98101.26582278483,fm1,0.06205596140534157,0.000852,0.002748,90189.87341772152,-10,Aditya_2018-08-16_21502300_19,1
10,1,segment_matching_annotaudio_Aditya_2018-08-16_21502300_19_hp,0.035339999999999996,0.275482177734375,56.58669081032141,106225.24052065649,cf1,0.11154126202352613,0.002748,0.038088,106112.05432937182,-10,Aditya_2018-08-16_21502300_19,1
11,2,segment_matching_annotaudio_Aditya_2018-08-16_21502300_19_hp,0.000688,0.04205322265625,2873.563218390805,104651.16279069768,fm2,0.022075776795446485,0.038088,0.038776,101744.18604651165,-10,Aditya_2018-08-16_21502300_19,1
12,3,segment_matching_annotaudio_Aditya_2018-08-16_21502300_19_hp,0.0008960000000000001,0.0382080078125,2212.389380530973,93750.0,fm3,0.01843920037968864,0.0391,0.039996,87053.57142857142,-10,Aditya_2018-08-16_21502300_19,1
13,0,segment_matching_annotaudio_Aditya_2018-08-16_2324_14_hp,0.00018,0.007904052734375,10869.565217391304,116666.66666666669,cf1,0.003646296517150205,0.000124,0.000304,94444.44444444444,-10,Aditya_2018-08-16_2324_14,1
14,1,segment_matching_annotaudio_Aditya_2018-08-16_2324_14_hp,0.000172,0.007568359375,11363.636363636364,87209.30232558139,fm1,0.004451194190516282,0.000304,0.00047599999999999997,98837.2093023256,-10,Aditya_2018-08-16_2324_14,1
15,2,segment_matching_annotaudio_Aditya_2018-08-16_2324_14_hp,0.013944,0.037750244140625,143.348623853211,106712.56454388985,cf2,0.01697470710760531,0.00047599999999999997,0.014419999999999999,106569.1336775674,-10,Aditya_2018-08-16_2324_14,1
16,3,segment_matching_annotaudio_Aditya_2018-08-16_2324_14_hp,0.002552,0.029327392578125,781.25,106191.22257053289,fm2,0.010122916235117916,0.014419999999999999,0.016972,92868.33855799373,-10,Aditya_2018-08-16_2324_14,1
17,0,segment_matching_annotaudio_Aditya_2018-08-16_2324_148_hp,0.009784000000000001,0.03839111328125,204.2483660130719,102309.89370400656,cf1,0.017029902758711534,0.00098,0.010764,102105.47833197056,-10,Aditya_2018-08-16_2324_148,1
18,1,segment_matching_annotaudio_Aditya_2018-08-16_2324_148_hp,0.000132,0.026885986328125,14705.882352941177,106060.60606060608,fm1,0.016931357933273567,0.010764,0.010896,90909.09090909091,-10,Aditya_2018-08-16_2324_148,1
19,2,segment_matching_annotaudio_Aditya_2018-08-16_2324_148_hp,0.000396,0.021728515625,5000.0,101010.10101010103,cf2,0.010388476616179344,0.010896,0.011292,95959.59595959596,-10,Aditya_2018-08-16_2324_148,1
20,3,segment_matching_annotaudio_Aditya_2018-08-16_2324_148_hp,0.002908,0.0345458984375,686.8131868131867,103163.6863823934,fm2,0.013788678324260931,0.011292,0.0142,87001.37551581844,-10,Aditya_2018-08-16_2324_148,1
21,0,segment_matching_annotaudio_Aditya_2018-08-16_2324_154_hp,0.002152,0.115997314453125,925.9259259259261,98977.69516728626,fm1,0.0509822266669628,0.001048,0.0032,90148.69888475836,-10,Aditya_2018-08-16_2324_154,1
22,1,segment_matching_annotaudio_Aditya_2018-08-16_2324_154_hp,0.030256,0.164337158203125,66.08511763150939,107681.12109994712,cf1,0.07827693135520976,0.0032,0.033456,107317.55684822846,-10,Aditya_2018-08-16_2324_154,1
23,2,segment_matching_annotaudio_Aditya_2018-08-16_2324_154_hp,0.00214,0.136871337890625,932.8358208955223,100467.28971962618,fm2,0.06501491338438703,0.033456,0.035595999999999996,90186.91588785047,-10,Aditya_2018-08-16_2324_154,1
24,3,segment_matching_annotaudio_Aditya_2018-08-16_2324_154_hp,0.001204,0.036865234375,1655.6291390728477,88870.43189368771,cf2,0.017621838717123164,0.035595999999999996,0.0368,87209.30232558139,-10,Aditya_2018-08-16_2324_154,1
25,0,segment_matching_annotaudio_Aditya_2018-08-16_2324_197_hp,0.00016,0.016021728515625,11904.761904761905,81250.00000000001,cf1,0.009603753829990295,0.0,0.00016,87500.00000000001,-10,Aditya_2018-08-16_2324_197,1
26,1,segment_matching_annotaudio_Aditya_2018-08-16_2324_197_hp,0.000892,0.0777587890625,2232.1428571428573,105381.1659192825,fm1,0.03853226636819844,0.00016,0.001052,99775.78475336322,-10,Aditya_2018-08-16_2324_197,1
27,2,segment_matching_annotaudio_Aditya_2018-08-16_2324_197_hp,0.01228,0.1365966796875,162.76041666666666,106351.79153094463,cf2,0.08338275576628865,0.001052,0.013332,106026.05863192184,-10,Aditya_2018-08-16_2324_197,1
28,3,segment_matching_annotaudio_Aditya_2018-08-16_2324_197_hp,0.001336,0.120269775390625,1488.095238095238,104041.91616766466,fm2,0.056309413049081235,0.013332,0.014668,101047.90419161676,-10,Aditya_2018-08-16_2324_197,1
29,4,segment_matching_annotaudio_Aditya_2018-08-16_2324_197_hp,0.000332,0.025299072265625,5952.380952380952,105421.68674698797,cf3,0.009608536916425972,0.014668,0.015,84337.34939759035,-10,Aditya_2018-08-16_2324_197,1
30,0,segment_matching_annotaudio_Aditya_2018-08-16_2324_207_hp,0.002512,0.073638916015625,793.6507936507936,102707.00636942674,fm1,0.03374308027927146,0.0009880000000000002,0.0035,90366.24203821656,-10,Aditya_2018-08-16_2324_207,2
31,1,segment_matching_annotaudio_Aditya_2018-08-16_2324_207_hp,0.014768,0.1307373046875,135.35462912831622,104347.23726977248,cf1,0.06312979395404943,0.0035,0.018268,104144.09534127844,-10,Aditya_2018-08-16_2324_207,2
32,2,segment_matching_annotaudio_Aditya_2018-08-16_2324_207_hp,0.0020800000000000003,0.091949462890625,957.8544061302682,92788.46153846156,fm2,0.04516675692721212,0.018268,0.020347999999999998,88942.3076923077,-10,Aditya_2018-08-16_2324_207,2
33,3,segment_matching_annotaudio_Aditya_2018-08-16_2324_207_hp,0.0008320000000000001,0.060211181640625,2380.952380952381,87740.38461538461,cf2,0.025848461511668846,0.020347999999999998,0.02118,86538.46153846152,-10,Aditya_2018-08-16_2324_207,2
34,4,segment_matching_annotaudio_Aditya_2018-08-16_2324_207_hp,0.000204,0.0426025390625,9615.384615384615,93137.25490196078,fm3,0.02455909286618724,0.02118,0.021384,83333.33333333331,-10,Aditya_2018-08-16_2324_207,2
35,5,segment_matching_annotaudio_Aditya_2018-08-16_2324_207_hp,0.00044400000000000006,0.0272216796875,4464.285714285715,85585.58558558559,cf3,0.013891424763423164,0.021384,0.021828,85585.58558558559,-10,Aditya_2018-08-16_2324_207,2
36,0,segment_matching_annotaudio_Aditya_2018-08-16_2324_223_hp,0.002216,0.211395263671875,899.2805755395682,101083.03249097473,fm1,0.08351274949747227,0.000932,0.003148,91155.2346570397,-10,Aditya_2018-08-16_2324_223,2
37,1,segment_matching_annotaudio_Aditya_2018-08-16_2324_223_hp,0.017156,0.362152099609375,116.55011655011656,104278.38657029613,cf1,0.19848683659683572,0.003148,0.020304,104278.38657029613,-10,Aditya_2018-08-16_2324_223,2
38,2,segment_matching_annotaudio_Aditya_2018-08-16_2324_223_hp,0.0022,0.2000732421875,905.7971014492754,101818.18181818184,fm2,0.09727943633280203,0.020304,0.022504,88636.36363636365,-10,Aditya_2018-08-16_2324_223,2
39,3,segment_matching_annotaudio_Aditya_2018-08-16_2324_223_hp,0.000676,0.081329345703125,2941.1764705882347,90236.68639053254,cf2,0.03812062721389146,0.022504,0.023180000000000003,85798.81656804735,-10,Aditya_2018-08-16_2324_223,2
40,0,segment_matching_annotaudio_Aditya_2018-08-16_2324_230_hp,0.00176,0.037353515625,1131.2217194570135,101704.54545454547,fm1,0.015419069253740763,0.000788,0.002548,95454.54545454547,-10,Aditya_2018-08-16_2324_230,1
41,1,segment_matching_annotaudio_Aditya_2018-08-16_2324_230_hp,0.039672000000000006,0.0833740234375,50.403225806451616,103196.20891308732,cf1,0.03342242887597782,0.002548,0.04222,102893.72857430934,-10,Aditya_2018-08-16_2324_230,1
42,2,segment_matching_annotaudio_Aditya_2018-08-16_2324_230_hp,0.002184,0.027374267578125,912.4087591240876,102564.10256410258,fm2,0.01305888405484076,0.04222,0.044404,89285.71428571429,-10,Aditya_2018-08-16_2324_230,1
43,3,segment_matching_annotaudio_Aditya_2018-08-16_2324_230_hp,0.000272,0.01556396484375,7142.857142857143,88235.29411764706,cf2,0.0074882429020632,0.044404,0.044676,84558.82352941176,-10,Aditya_2018-08-16_2324_230,1
44,0,segment_matching_annotaudio_Aditya_2018-08-16_2324_258_hp,0.00044,0.114013671875,4464.285714285715,104545.45454545457,fm1,0.05388192011312833,0.000156,0.000596,102272.72727272726,-10,Aditya_2018-08-16_2324_258,1
45,1,segment_matching_annotaudio_Aditya_2018-08-16_2324_258_hp,0.0195,0.286651611328125,102.5430680885972,106871.79487179489,cf1,0.1405469770734672,0.000596,0.020096,106717.94871794873,-10,Aditya_2018-08-16_2324_258,1
46,2,segment_matching_annotaudio_Aditya_2018-08-16_2324_258_hp,0.001064,0.113250732421875,1865.6716417910445,107142.85714285713,fm2,0.04484452345078311,0.020096,0.021159999999999998,102443.60902255637,-10,Aditya_2018-08-16_2324_258,1
47,3,segment_matching_annotaudio_Aditya_2018-08-16_2324_258_hp,0.000368,0.0465087890625,5319.1489361702115,105978.26086956523,cf2,0.025653160990138847,0.021159999999999998,0.021528,103260.8695652174,-10,Aditya_2018-08-16_2324_258,1
48,0,segment_matching_annotaudio_Aditya_2018-08-16_2324_28_hp,0.01218,0.077880859375,164.14970453053184,106650.24630541872,cf1,0.03756218550531112,0.000196,0.012376,106239.73727422002,-10,Aditya_2018-08-16_2324_28,2
49,1,segment_matching_annotaudio_Aditya_2018-08-16_2324_28_hp,0.002032,0.14471435546875,980.3921568627452,104330.70866141733,fm1,0.07411647993964561,0.012376,0.014408,90551.18110236221,-10,Aditya_2018-08-16_2324_28,2
50,2,segment_matching_annotaudio_Aditya_2018-08-16_2324_28_hp,0.000468,0.09307861328125,4237.28813559322,91880.34188034188,cf2,0.048859917731832486,0.014408,0.014875999999999999,87606.83760683762,-10,Aditya_2018-08-16_2324_28,2
51,3,segment_matching_annotaudio_Aditya_2018-08-16_2324_28_hp,0.000152,0.062469482421875,12500.0,85526.3157894737,fm2,0.04032264008025839,0.014875999999999999,0.015028,85526.3157894737,-10,Aditya_2018-08-16_2324_28,2
52,4,segment_matching_annotaudio_Aditya_2018-08-16_2324_28_hp,0.000628,0.050872802734375,3164.556962025317,87579.6178343949,cf3,0.029560786016819024,0.015028,0.015656,90764.33121019107,-10,Aditya_2018-08-16_2324_28,2
53,5,segment_matching_annotaudio_Aditya_2018-08-16_2324_28_hp,0.000288,0.035858154296875,6756.756756756757,93750.0,fm3,0.0202237940726829,0.015656,0.015944,86805.55555555555,-10,Aditya_2018-08-16_2324_28,2
54,0,segment_matching_annotaudio_Aditya_2018-08-16_2324_68_hp,0.001816,0.0469970703125,1096.4912280701753,100220.26431718064,fm1,0.0190763789063178,0.000648,0.002464,90308.37004405288,-10,Aditya_2018-08-16_2324_68,1
55,1,segment_matching_annotaudio_Aditya_2018-08-16_2324_68_hp,0.026095999999999998,0.103240966796875,76.61661048115229,103157.57204169221,cf1,0.0468981302098035,0.002464,0.028560000000000002,103080.93194359288,-10,Aditya_2018-08-16_2324_68,1
56,2,segment_matching_annotaudio_Aditya_2018-08-16_2324_68_hp,0.0018039999999999998,0.06341552734375,1106.1946902654868,100332.59423503326,fm2,0.0249740137190908,0.028560000000000002,0.030364,93680.70953436807,-10,Aditya_2018-08-16_2324_68,1
57,3,segment_matching_annotaudio_Aditya_2018-08-16_2324_68_hp,0.00058,0.025054931640625,3424.6575342465753,103448.27586206897,cf2,0.01236785081890257,0.030364,0.030944,86206.89655172414,-10,Aditya_2018-08-16_2324_68,1
58,0,segment_matching_annotaudio_Aditya_2018-08-16_2324_90_hp,0.00028399999999999996,0.0093994140625,6944.444444444444,102112.67605633805,cf1,0.00487193252091079,0.000924,0.001208,98591.54929577466,-10,Aditya_2018-08-16_2324_90,1
59,1,segment_matching_annotaudio_Aditya_2018-08-16_2324_90_hp,0.000264,0.01275634765625,7352.941176470588,102272.72727272731,fm1,0.00647090968660565,0.001208,0.001472,98484.8484848485,-10,Aditya_2018-08-16_2324_90,1
60,2,segment_matching_annotaudio_Aditya_2018-08-16_2324_90_hp,0.024924,0.073699951171875,80.23106546854942,103915.90434922164,cf2,0.03491712785044865,0.001472,0.026396,103915.90434922164,-10,Aditya_2018-08-16_2324_90,1
61,3,segment_matching_annotaudio_Aditya_2018-08-16_2324_90_hp,0.00172,0.037384033203125,1157.4074074074076,101162.79069767443,fm2,0.01528443024675532,0.026396,0.028116000000000002,97674.41860465117,-10,Aditya_2018-08-16_2324_90,1
62,0,segment_matching_annotaudio_Aditya_2018-08-16_2324_94_hp,0.016475999999999998,0.107940673828125,121.35922330097088,102937.60621510076,cf1,0.05649329567355035,0.0013039999999999998,0.01778,102876.91187181356,-10,Aditya_2018-08-16_2324_94,1
63,1,segment_matching_annotaudio_Aditya_2018-08-16_2324_94_hp,0.001964,0.135345458984375,1016.260162601626,89613.03462321791,fm1,0.062068656546875066,0.01778,0.019744,86558.04480651731,-10,Aditya_2018-08-16_2324_94,1
64,2,segment_matching_annotaudio_Aditya_2018-08-16_2324_94_hp,0.00078,0.10479736328125,2551.020408163265,101282.05128205127,cf2,0.04803691982150938,0.019744,0.020524,84615.38461538461,-10,Aditya_2018-08-16_2324_94,1
65,3,segment_matching_annotaudio_Aditya_2018-08-16_2324_94_hp,0.00047599999999999997,0.054779052734375,4166.666666666667,88235.29411764706,fm2,0.02466855497167544,0.020524,0.021,86134.45378151262,-10,Aditya_2018-08-16_2324_94,1
66,0,segment_matching_annotaudio_Aditya_2018-08-17_01_15_hp,0.000192,0.009735107421875,10000.0,93750.0,cf1,0.005744312619203931,0.000576,0.000768,88541.66666666666,-10,Aditya_2018-08-17_01_15,1
67,1,segment_matching_annotaudio_Aditya_2018-08-17_01_15_hp,0.0018,0.035675048828125,1106.1946902654868,107222.22222222223,fm1,0.016880397360274055,0.000768,0.002568,95000.0,-10,Aditya_2018-08-17_01_15,1
68,2,segment_matching_annotaudio_Aditya_2018-08-17_01_15_hp,0.0144,0.0684814453125,138.811771238201,108958.33333333331,cf2,0.038221313531571405,0.002568,0.016968,108819.44444444444,-10,Aditya_2018-08-17_01_15,1
69,3,segment_matching_annotaudio_Aditya_2018-08-17_01_15_hp,0.001628,0.04254150390625,1225.4901960784316,107493.85749385747,fm2,0.019853441881238217,0.016968,0.018596,92751.84275184275,-10,Aditya_2018-08-17_01_15,1
70,0,segment_matching_annotaudio_Aditya_2018-08-17_01_28_hp,0.011436,0.0352783203125,174.82517482517483,104931.79433368312,cf1,0.015864308524479984,8.8e-05,0.011524,104669.46484784891,-10,Aditya_2018-08-17_01_28,1
71,1,segment_matching_annotaudio_Aditya_2018-08-17_01_28_hp,0.002316,0.0423583984375,862.0689655172414,104058.7219343696,fm1,0.015989401835101953,0.011524,0.01384,87651.1226252159,-10,Aditya_2018-08-17_01_28,1
72,2,segment_matching_annotaudio_Aditya_2018-08-17_01_28_hp,0.00016,0.016357421875,11904.761904761905,100000.0,cf2,0.009238554777084185,0.01384,0.013999999999999999,100000.0,-10,Aditya_2018-08-17_01_28,1
73,0,segment_matching_annotaudio_Aditya_2018-08-17_01_29_hp,0.000348,0.011749267578125,5681.818181818182,103448.27586206897,fm1,0.006265940630885347,0.00023999999999999998,0.000588,100574.71264367817,-10,Aditya_2018-08-17_01_29,2
74,1,segment_matching_annotaudio_Aditya_2018-08-17_01_29_hp,0.030916000000000003,0.054229736328125,64.68305304010349,105123.56061586234,cf1,0.022179164236628527,0.000588,0.031504000000000004,104606.02924052274,-10,Aditya_2018-08-17_01_29,2
75,2,segment_matching_annotaudio_Aditya_2018-08-17_01_29_hp,0.000332,0.0291748046875,5952.380952380952,102409.63855421687,fm2,0.011893000946053393,0.031504000000000004,0.031836,96385.54216867471,-10,Aditya_2018-08-17_01_29,2
76,3,segment_matching_annotaudio_Aditya_2018-08-17_01_29_hp,0.000336,0.0211181640625,5813.9534883720935,104166.66666666669,cf2,0.011215333533216413,0.031836,0.032172000000000006,101190.47619047617,-10,Aditya_2018-08-17_01_29,2
77,4,segment_matching_annotaudio_Aditya_2018-08-17_01_29_hp,0.001684,0.03070068359375,1184.8341232227488,103325.41567695963,fm3,0.011417961534776042,0.032172000000000006,0.033856,92636.57957244656,-10,Aditya_2018-08-17_01_29,2
78,5,segment_matching_annotaudio_Aditya_2018-08-17_01_29_hp,0.000132,0.017578125,14705.882352941177,90909.09090909091,cf3,0.008966575110847554,0.033856,0.033988,90909.09090909091,-10,Aditya_2018-08-17_01_29,2
79,0,segment_matching_annotaudio_Aditya_2018-08-17_01_35_hp,0.015636,0.031005859375,127.8772378516624,108467.63878229726,cf1,0.015367153316289557,2.4e-05,0.01566,108339.72883090304,-10,Aditya_2018-08-17_01_35,2
80,1,segment_matching_annotaudio_Aditya_2018-08-17_01_35_hp,0.000336,0.012725830078125,5813.9534883720935,107142.85714285713,fm1,0.0065230853706609755,0.01566,0.015996,104166.66666666669,-10,Aditya_2018-08-17_01_35,2
81,2,segment_matching_annotaudio_Aditya_2018-08-17_01_35_hp,0.000168,0.01171875,11363.636363636364,107142.85714285713,cf2,0.006080956321091732,0.015996,0.016163999999999998,101190.47619047617,-10,Aditya_2018-08-17_01_35,2
82,3,segment_matching_annotaudio_Aditya_2018-08-17_01_35_hp,0.000732,0.013275146484375,2717.391304347826,105191.2568306011,fm2,0.0059591814688531065,0.016163999999999998,0.016896,99726.77595628415,-10,Aditya_2018-08-17_01_35,2
83,0,segment_matching_annotaudio_Aditya_2018-08-17_01_40_hp,0.0016719999999999999,0.0263671875,1190.4761904761906,106459.33014354069,fm1,0.011365825420341216,0.000436,0.0021079999999999996,92105.26315789476,-10,Aditya_2018-08-17_01_40,2
84,1,segment_matching_annotaudio_Aditya_2018-08-17_01_40_hp,0.012512,0.04412841796875,159.7444089456869,106937.34015345274,cf1,0.020451355771131163,0.0021079999999999996,0.01462,106777.49360613813,-10,Aditya_2018-08-17_01_40,2
85,2,segment_matching_annotaudio_Aditya_2018-08-17_01_40_hp,0.000368,0.03411865234375,5319.1489361702115,105978.26086956523,fm2,0.020149543010830585,0.01462,0.014988,103260.8695652174,-10,Aditya_2018-08-17_01_40,2
86,3,segment_matching_annotaudio_Aditya_2018-08-17_01_40_hp,0.000184,0.013519287109375,10416.666666666666,114130.43478260867,cf2,0.006782843854566604,0.014988,0.015172,92391.30434782608,-10,Aditya_2018-08-17_01_40,2
87,4,segment_matching_annotaudio_Aditya_2018-08-17_01_40_hp,0.000368,0.032623291015625,5319.1489361702115,105978.26086956523,fm3,0.01963979991026731,0.015172,0.01554,103260.8695652174,-10,Aditya_2018-08-17_01_40,2
88,5,segment_matching_annotaudio_Aditya_2018-08-17_01_40_hp,0.000916,0.02734375,2173.913043478261,109170.3056768559,cf3,0.013909995354141093,0.01554,0.016456000000000002,103711.7903930131,-10,Aditya_2018-08-17_01_40,2
89,6,segment_matching_annotaudio_Aditya_2018-08-17_01_40_hp,0.002444,0.025421142578125,816.9934640522874,95744.68085106382,fm4,0.008730690017431769,0.016456000000000002,0.0189,91243.86252045826,-10,Aditya_2018-08-17_01_40,2
90,0,segment_matching_annotaudio_Aditya_2018-08-17_01_46_hp,0.001068,0.048553466796875,1865.6716417910445,107677.90262172284,fm1,0.020276490718423183,0.000292,0.0013599999999999999,104868.91385767794,-10,Aditya_2018-08-17_01_46,2
91,1,segment_matching_annotaudio_Aditya_2018-08-17_01_46_hp,0.024028,0.0892333984375,83.22237017310253,109913.43432661897,cf1,0.04728678437974849,0.0013599999999999999,0.025388,109746.96187780924,-10,Aditya_2018-08-17_01_46,2
92,2,segment_matching_annotaudio_Aditya_2018-08-17_01_46_hp,0.001056,0.0406494140625,1879.6992481203006,110795.45454545457,fm2,0.017881113282138004,0.025388,0.026444,105113.63636363637,-10,Aditya_2018-08-17_01_46,2
93,3,segment_matching_annotaudio_Aditya_2018-08-17_01_46_hp,0.00026000000000000003,0.020965576171875,7575.757575757576,88461.53846153848,cf2,0.010582159393026012,0.026444,0.026704000000000002,84615.38461538462,-10,Aditya_2018-08-17_01_46,2
94,4,segment_matching_annotaudio_Aditya_2018-08-17_01_46_hp,0.000192,0.022216796875,10000.0,83333.33333333331,fm3,0.009009969318683107,0.026704000000000002,0.026895999999999996,78125.0,-10,Aditya_2018-08-17_01_46,2
95,0,segment_matching_annotaudio_Aditya_2018-08-17_01_60_hp,0.017656,0.073272705078125,113.22463768115942,106139.55595831445,cf1,0.03766645969895062,0.001168,0.018824,105969.64204802901,-10,Aditya_2018-08-17_01_60,3
96,1,segment_matching_annotaudio_Aditya_2018-08-17_01_60_hp,0.000388,0.0352783203125,5102.040816326531,103092.78350515463,fm1,0.0168739445747008,0.018824,0.019212,103092.78350515463,-10,Aditya_2018-08-17_01_60,3
97,2,segment_matching_annotaudio_Aditya_2018-08-17_01_60_hp,0.000196,0.034515380859375,10000.0,107142.85714285717,cf2,0.014626018079725819,0.019212,0.019408,91836.73469387756,-10,Aditya_2018-08-17_01_60,3
98,3,segment_matching_annotaudio_Aditya_2018-08-17_01_60_hp,0.001552,0.09185791015625,1282.051282051282,97938.14432989694,fm2,0.032859235349426634,0.019408,0.02096,89561.85567010309,-10,Aditya_2018-08-17_01_60,3
99,0,segment_matching_annotaudio_Aditya_2018-08-17_01_80_hp,0.001016,0.01983642578125,1953.125,105314.96062992128,fm1,0.009412343893799392,0.0007160000000000001,0.001732,100393.70078740158,-10,Aditya_2018-08-17_01_80,1
100,1,segment_matching_annotaudio_Aditya_2018-08-17_01_80_hp,0.017796,0.051300048828125,112.35955056179778,108676.10699033493,cf1,0.0254977466108319,0.001732,0.019528,108395.1449763992,-10,Aditya_2018-08-17_01_80,1
101,2,segment_matching_annotaudio_Aditya_2018-08-17_01_80_hp,0.0012,0.0374755859375,1655.6291390728477,105833.33333333334,fm2,0.013864888417030196,0.019528,0.020728,102500.0,-10,Aditya_2018-08-17_01_80,1
102,3,segment_matching_annotaudio_Aditya_2018-08-17_01_80_hp,0.000204,0.01116943359375,9615.384615384615,107843.13725490196,cf2,0.006527233376514696,0.020728,0.020932,102941.17647058824,-10,Aditya_2018-08-17_01_80,1
103,0,segment_matching_annotaudio_Aditya_2018-08-17_01_81_hp,0.000324,0.007720947265625,6097.560975609757,111111.11111111114,cf1,0.0044721504105126285,0.000968,0.001292,101851.85185185187,-10,Aditya_2018-08-17_01_81,1
104,1,segment_matching_annotaudio_Aditya_2018-08-17_01_81_hp,0.000312,0.01580810546875,6250.0,108974.35897435897,fm1,0.008558638884684033,0.001292,0.001604,102564.10256410256,-10,Aditya_2018-08-17_01_81,1
105,2,segment_matching_annotaudio_Aditya_2018-08-17_01_81_hp,0.01342,0.06329345703125,148.98688915375448,106929.95529061103,cf2,0.034385444893102204,0.001604,0.015024000000000001,106780.92399403876,-10,Aditya_2018-08-17_01_81,1
106,3,segment_matching_annotaudio_Aditya_2018-08-17_01_81_hp,0.001848,0.036712646484375,1077.5862068965516,104437.22943722946,fm2,0.013139156259117964,0.015024000000000001,0.016872,100108.22510822512,-10,Aditya_2018-08-17_01_81,1
107,0,segment_matching_annotaudio_Aditya_2018-08-17_12_100_hp,0.015619999999999998,0.0384521484375,128.00819252432154,104993.59795134443,cf1,0.018995969021173342,0.001916,0.017536000000000003,104993.59795134443,-10,Aditya_2018-08-17_12_100,1
108,1,segment_matching_annotaudio_Aditya_2018-08-17_12_100_hp,0.000184,0.021484375,10416.666666666666,108695.65217391304,fm1,0.01268013394446699,0.017536000000000003,0.01772,97826.08695652171,-10,Aditya_2018-08-17_12_100,1
109,2,segment_matching_annotaudio_Aditya_2018-08-17_12_100_hp,0.00037999999999999997,0.0135498046875,5208.333333333333,102631.57894736844,cf2,0.00651530074242316,0.01772,0.0181,97368.4210526316,-10,Aditya_2018-08-17_12_100,1
110,3,segment_matching_annotaudio_Aditya_2018-08-17_12_100_hp,0.000184,0.023193359375,10416.666666666666,108695.65217391304,fm2,0.013546946725100213,0.0181,0.018284,92391.30434782608,-10,Aditya_2018-08-17_12_100,1
111,4,segment_matching_annotaudio_Aditya_2018-08-17_12_100_hp,0.000376,0.028717041015625,5208.333333333333,103723.40425531915,cf3,0.018552539472563613,0.018284,0.01866,101063.82978723405,-10,Aditya_2018-08-17_12_100,1
112,5,segment_matching_annotaudio_Aditya_2018-08-17_12_100_hp,0.000192,0.02362060546875,10000.0,109375.0,fm3,0.01388019837909315,0.01866,0.018852,98958.33333333331,-10,Aditya_2018-08-17_12_100,1
113,6,segment_matching_annotaudio_Aditya_2018-08-17_12_100_hp,0.000188,0.01416015625,10416.666666666666,101063.82978723405,cf4,0.005779719169240168,0.018852,0.01904,95744.68085106382,-10,Aditya_2018-08-17_12_100,1
114,7,segment_matching_annotaudio_Aditya_2018-08-17_12_100_hp,0.0017760000000000002,0.0255126953125,1121.0762331838564,105292.7927927928,fm4,0.010232623895359396,0.01904,0.020816,94594.59459459462,-10,Aditya_2018-08-17_12_100,1
115,0,segment_matching_annotaudio_Aditya_2018-08-17_12_108_hp,0.01672,0.040069580078125,119.56001912960306,104724.88038277511,cf1,0.01711171827101619,0.001,0.01772,104545.45454545453,-10,Aditya_2018-08-17_12_108,1
116,0,segment_matching_annotaudio_Aditya_2018-08-17_12_110_hp,0.000936,0.032379150390625,2118.64406779661,104700.8547008547,fm1,0.016544620776063106,0.0,0.000936,98290.59829059828,-10,Aditya_2018-08-17_12_110,1
117,1,segment_matching_annotaudio_Aditya_2018-08-17_12_110_hp,0.044160000000000005,0.148284912109375,45.28165187466039,105887.68115942029,cf1,0.06251828967759251,0.000936,0.045096,105819.7463768116,-10,Aditya_2018-08-17_12_110,1
118,2,segment_matching_annotaudio_Aditya_2018-08-17_12_110_hp,0.00045599999999999997,0.023162841796875,4310.344827586207,100877.19298245617,fm2,0.01187191972393593,0.045096,0.045551999999999995,96491.22807017544,-10,Aditya_2018-08-17_12_110,1
119,3,segment_matching_annotaudio_Aditya_2018-08-17_12_110_hp,0.00044800000000000005,0.015869140625,4385.964912280701,107142.85714285717,cf2,0.007249884089620338,0.045551999999999995,0.046,104910.71428571428,-10,Aditya_2018-08-17_12_110,1
120,0,segment_matching_annotaudio_Aditya_2018-08-17_12_117_hp,0.000468,0.007568359375,4237.28813559322,113247.86324786324,cf1,0.004036876264002118,0.000156,0.000624,104700.8547008547,-10,Aditya_2018-08-17_12_117,1
121,1,segment_matching_annotaudio_Aditya_2018-08-17_12_117_hp,0.00114,0.027679443359375,1748.2517482517483,109649.12280701754,fm1,0.012428067255070046,0.000624,0.0017640000000000002,107894.73684210527,-10,Aditya_2018-08-17_12_117,1
122,2,segment_matching_annotaudio_Aditya_2018-08-17_12_117_hp,0.019612,0.06689453125,101.95758564437195,112278.19702223131,cf2,0.032786652746014666,0.0017640000000000002,0.021376,112227.20783193962,-10,Aditya_2018-08-17_12_117,1
123,3,segment_matching_annotaudio_Aditya_2018-08-17_12_117_hp,0.00022400000000000002,0.0450439453125,8620.689655172413,111607.14285714287,fm2,0.02906730688233979,0.021376,0.0216,107142.85714285717,-10,Aditya_2018-08-17_12_117,1
124,4,segment_matching_annotaudio_Aditya_2018-08-17_12_117_hp,0.00022799999999999999,0.033294677734375,8620.689655172413,109649.12280701756,cf3,0.015944683845322927,0.0216,0.021828,105263.15789473684,-10,Aditya_2018-08-17_12_117,1
125,5,segment_matching_annotaudio_Aditya_2018-08-17_12_117_hp,0.00045999999999999996,0.065338134765625,4310.344827586207,110869.56521739133,fm3,0.03120222677137399,0.021828,0.022288,102173.91304347829,-10,Aditya_2018-08-17_12_117,1
126,6,segment_matching_annotaudio_Aditya_2018-08-17_12_117_hp,0.00022400000000000002,0.05615234375,8620.689655172413,111607.14285714287,cf4,0.026379825071310408,0.022288,0.022512,89285.71428571429,-10,Aditya_2018-08-17_12_117,1
127,7,segment_matching_annotaudio_Aditya_2018-08-17_12_117_hp,0.000488,0.031890869140625,4032.2580645161293,112704.9180327869,fm4,0.016083342742628928,0.022512,0.023,104508.19672131148,-10,Aditya_2018-08-17_12_117,1
128,0,segment_matching_annotaudio_Aditya_2018-08-17_12_121_hp,0.001336,0.0303955078125,1488.095238095238,109281.43712574849,fm1,0.01134899497459352,0.0,0.001336,101796.40718562876,-10,Aditya_2018-08-17_12_121,1
129,1,segment_matching_annotaudio_Aditya_2018-08-17_12_121_hp,0.00066,0.05419921875,3012.048192771085,107575.75757575758,cf1,0.024141166566275383,0.001336,0.001996,106060.60606060605,-10,Aditya_2018-08-17_12_121,1
130,2,segment_matching_annotaudio_Aditya_2018-08-17_12_121_hp,0.000656,0.062896728515625,3012.048192771085,111280.48780487805,fm2,0.0353070333882472,0.001996,0.002652,109756.0975609756,-10,Aditya_2018-08-17_12_121,1
131,3,segment_matching_annotaudio_Aditya_2018-08-17_12_121_hp,0.06138,0.165771484375,32.58178026847387,112398.17530140113,cf2,0.07233143106847419,0.002652,0.064032,112316.715542522,-10,Aditya_2018-08-17_12_121,1
132,4,segment_matching_annotaudio_Aditya_2018-08-17_12_121_hp,0.001972,0.0528564453125,1012.1457489878543,109533.46855983774,fm3,0.016524572345035418,0.064032,0.066004,102941.17647058824,-10,Aditya_2018-08-17_12_121,1
133,0,segment_matching_annotaudio_Aditya_2018-08-17_12_76_hp,0.00047599999999999997,0.02252197265625,4166.666666666667,107142.85714285717,fm1,0.009472018804304864,1.6e-05,0.000492,102941.17647058824,-10,Aditya_2018-08-17_12_76,1
134,1,segment_matching_annotaudio_Aditya_2018-08-17_12_76_hp,0.000236,0.017974853515625,8333.333333333334,84745.7627118644,cf1,0.010170117022943684,0.000492,0.000728,101694.91525423726,-10,Aditya_2018-08-17_12_76,1
135,2,segment_matching_annotaudio_Aditya_2018-08-17_12_76_hp,0.00022799999999999999,0.02899169921875,8620.689655172413,109649.12280701756,fm2,0.016530676875921822,0.000728,0.000956,100877.19298245617,-10,Aditya_2018-08-17_12_76,1
136,3,segment_matching_annotaudio_Aditya_2018-08-17_12_76_hp,0.020184,0.086944580078125,99.04912836767036,108402.69520412206,cf2,0.03901157393407416,0.000956,0.02114,108154.97423701943,-10,Aditya_2018-08-17_12_76,1
137,4,segment_matching_annotaudio_Aditya_2018-08-17_12_76_hp,0.00212,0.041015625,939.8496240601503,108962.2641509434,fm3,0.016867308026910898,0.02114,0.02326,92924.52830188679,-10,Aditya_2018-08-17_12_76,1
138,0,segment_matching_annotaudio_Aditya_2018-08-17_34_40_hp,0.0015199999999999999,0.036346435546875,1308.9005235602094,103947.36842105264,fm1,0.014605104533289243,0.0009119999999999999,0.002432,98026.3157894737,-10,Aditya_2018-08-17_34_40,3
139,1,segment_matching_annotaudio_Aditya_2018-08-17_34_40_hp,0.014663999999999998,0.088592529296875,136.31406761177755,104950.90016366613,cf1,0.050377843359272034,0.002432,0.017096,104678.12329514457,-10,Aditya_2018-08-17_34_40,3
140,2,segment_matching_annotaudio_Aditya_2018-08-17_34_40_hp,0.0026320000000000002,0.058441162109375,757.5757575757576,103343.46504559269,fm2,0.021793255840883333,0.017096,0.019728,98404.25531914894,-10,Aditya_2018-08-17_34_40,3
141,3,segment_matching_annotaudio_Aditya_2018-08-17_34_40_hp,0.000272,0.016357421875,7142.857142857143,102941.17647058824,cf2,0.008297697735306364,0.019728,0.02,99264.70588235294,-10,Aditya_2018-08-17_34_40,3
142,0,segment_matching_annotaudio_Aditya_2018-08-17_34_65_hp,0.0018679999999999999,0.04437255859375,1068.3760683760684,102783.72591006424,fm1,0.022042264282429582,0.000924,0.002792,93683.08351177732,-10,Aditya_2018-08-17_34_65,2
143,1,segment_matching_annotaudio_Aditya_2018-08-17_34_65_hp,0.01926,0.097137451171875,103.82059800664452,105711.31879543095,cf1,0.048066132595041375,0.002792,0.022052000000000002,105659.39771547249,-10,Aditya_2018-08-17_34_65,2
144,2,segment_matching_annotaudio_Aditya_2018-08-17_34_65_hp,0.00022799999999999999,0.03582763671875,8620.689655172413,105263.15789473684,fm2,0.02064051671342144,0.022052000000000002,0.02228,100877.19298245617,-10,Aditya_2018-08-17_34_65,2
145,3,segment_matching_annotaudio_Aditya_2018-08-17_34_65_hp,0.00023199999999999997,0.041290283203125,8333.333333333334,103448.27586206897,cf2,0.020655693124552867,0.02228,0.022512,99137.93103448275,-10,Aditya_2018-08-17_34_65,2
146,4,segment_matching_annotaudio_Aditya_2018-08-17_34_65_hp,0.00182,0.050445556640625,1096.4912280701753,105494.5054945055,fm3,0.02163744345472323,0.022512,0.024332,87362.63736263737,-10,Aditya_2018-08-17_34_65,2
147,0,segment_matching_annotaudio_Aditya_2018-08-17_34_71_hp,0.0007440000000000001,0.013214111328125,2659.5744680851058,103494.62365591401,cf1,0.005853070606986364,0.00044800000000000005,0.001192,100806.45161290324,-10,Aditya_2018-08-17_34_71,1
148,1,segment_matching_annotaudio_Aditya_2018-08-17_34_71_hp,0.000732,0.02606201171875,2717.391304347826,103825.13661202186,fm1,0.012595913014565243,0.001192,0.001924,102459.01639344262,-10,Aditya_2018-08-17_34_71,1
149,2,segment_matching_annotaudio_Aditya_2018-08-17_34_71_hp,0.020256,0.06817626953125,98.6971969996052,106635.07109004741,cf2,0.03326020321673764,0.001924,0.022180000000000002,106486.96682464457,-10,Aditya_2018-08-17_34_71,1
150,3,segment_matching_annotaudio_Aditya_2018-08-17_34_71_hp,0.002196,0.05120849609375,909.0909090909092,98360.65573770492,fm2,0.022637598125762017,0.022180000000000002,0.024376,91074.68123861568,-10,Aditya_2018-08-17_34_71,1
151,4,segment_matching_annotaudio_Aditya_2018-08-17_34_71_hp,0.00062,0.02288818359375,3205.128205128205,95161.29032258065,cf3,0.008877209643744522,0.024376,0.024996,88709.67741935485,-10,Aditya_2018-08-17_34_71,1
152,0,segment_matching_annotaudio_Aditya_2018-08-17_34_72_hp,0.014624000000000002,0.0391845703125,136.6867140513942,104007.11159737418,cf1,0.018099955121279064,0.00021600000000000002,0.01484,103870.3501094092,-10,Aditya_2018-08-17_34_72,1
153,1,segment_matching_annotaudio_Aditya_2018-08-17_34_72_hp,0.002284,0.030242919921875,874.1258741258741,104203.1523642732,fm1,0.013828128282427582,0.01484,0.017124,88441.33099824867,-10,Aditya_2018-08-17_34_72,1
154,2,segment_matching_annotaudio_Aditya_2018-08-17_34_72_hp,0.000176,0.015960693359375,10869.565217391304,102272.72727272726,cf2,0.007784947936953813,0.017124,0.0173,79545.45454545454,-10,Aditya_2018-08-17_34_72,1
155,3,segment_matching_annotaudio_Aditya_2018-08-17_34_72_hp,0.000356,0.015899658203125,5555.555555555556,95505.61797752806,fm2,0.007667121105876317,0.0173,0.017656,84269.66292134831,-10,Aditya_2018-08-17_34_72,1
156,4,segment_matching_annotaudio_Aditya_2018-08-17_34_72_hp,0.000172,0.019500732421875,11363.636363636364,93023.2558139535,cf3,0.012173388941165037,0.017656,0.017828,81395.34883720931,-10,Aditya_2018-08-17_34_72,1
157,5,segment_matching_annotaudio_Aditya_2018-08-17_34_72_hp,0.000124,0.00927734375,15625.0,88709.67741935482,fm3,0.005002913549070432,0.017828,0.017952000000000003,72580.64516129032,-10,Aditya_2018-08-17_34_72,1
158,0,segment_matching_annotaudio_Aditya_2018-08-17_45_116_hp,0.001072,0.0096435546875,1851.8518518518522,97947.76119402984,fm1,0.004215282858102693,0.000328,0.0014,94216.41791044775,-10,Aditya_2018-08-17_45_116,1
159,1,segment_matching_annotaudio_Aditya_2018-08-17_45_116_hp,0.022964,0.030120849609375,87.07767328456984,105338.79115136739,cf1,0.015787049229462405,0.0014,0.024364,105208.15188991466,-10,Aditya_2018-08-17_45_116,1
160,2,segment_matching_annotaudio_Aditya_2018-08-17_45_116_hp,0.001852,0.024566650390625,1077.5862068965516,103671.70626349893,fm2,0.011376948888764796,0.024364,0.026216000000000003,92332.61339092877,-10,Aditya_2018-08-17_45_116,1
161,3,segment_matching_annotaudio_Aditya_2018-08-17_45_116_hp,0.00078,0.00518798828125,2551.020408163265,103846.15384615383,cf2,0.0019295120927781747,0.026216000000000003,0.026996,79487.17948717947,-10,Aditya_2018-08-17_45_116,1
162,0,segment_matching_annotaudio_Aditya_2018-08-17_45_126_hp,0.012288,0.0283203125,162.6545217957059,104248.046875,cf1,0.014747401570294846,0.00146,0.013748,104085.28645833331,-10,Aditya_2018-08-17_45_126,1
163,1,segment_matching_annotaudio_Aditya_2018-08-17_45_126_hp,0.0032,0.034820556640625,623.4413965087283,104062.5,cf2,0.010823469478237915,0.013803999999999999,0.017004,92500.0,-10,Aditya_2018-08-17_45_126,1
164,0,segment_matching_annotaudio_Aditya_2018-08-17_45_127_hp,0.01348,0.04010009765625,148.27995255041515,105415.43026706233,cf1,0.017629352851394692,0.000168,0.013647999999999999,105341.2462908012,-10,Aditya_2018-08-17_45_127,1
165,1,segment_matching_annotaudio_Aditya_2018-08-17_45_127_hp,0.0003,0.014617919921875,6578.947368421053,106666.66666666669,fm1,0.007838918205840689,0.013647999999999999,0.013947999999999999,100000.0,-10,Aditya_2018-08-17_45_127,1
166,2,segment_matching_annotaudio_Aditya_2018-08-17_45_127_hp,0.000292,0.0115966796875,6756.756756756757,106164.38356164383,cf2,0.006290391536353433,0.013947999999999999,0.014240000000000001,99315.06849315068,-10,Aditya_2018-08-17_45_127,1
167,3,segment_matching_annotaudio_Aditya_2018-08-17_45_127_hp,0.00074,0.01519775390625,2688.1720430107525,95945.94594594596,fm2,0.0067918204450146645,0.014240000000000001,0.014980000000000002,91891.8918918919,-10,Aditya_2018-08-17_45_127,1
168,0,segment_matching_annotaudio_Aditya_2018-08-17_45_173_hp,0.0005200000000000001,0.00506591796875,3787.878787878788,103846.15384615387,cf1,0.0023151870252364273,0.001072,0.001592,96153.84615384617,-10,Aditya_2018-08-17_45_173,1
169,1,segment_matching_annotaudio_Aditya_2018-08-17_45_173_hp,0.000164,0.003692626953125,11904.761904761905,109756.0975609756,fm1,0.0021540519788234686,0.001592,0.001756,73170.73170731707,-10,Aditya_2018-08-17_45_173,1
170,2,segment_matching_annotaudio_Aditya_2018-08-17_45_173_hp,0.013944,0.03240966796875,143.348623853211,108433.73493975904,cf2,0.016174490195191876,0.001756,0.0157,108146.87320711416,-10,Aditya_2018-08-17_45_173,1
171,3,segment_matching_annotaudio_Aditya_2018-08-17_45_173_hp,0.0022719999999999997,0.0301513671875,877.1929824561405,105193.661971831,fm2,0.012780951785088555,0.0157,0.017972,96390.84507042254,-10,Aditya_2018-08-17_45_173,1
172,0,segment_matching_annotaudio_Aditya_2018-08-17_45_200_hp,0.002212,0.01904296875,902.5270758122743,103526.2206148282,fm1,0.008447684517968658,3.2e-05,0.0022440000000000003,91320.07233273056,-10,Aditya_2018-08-17_45_200,1
173,1,segment_matching_annotaudio_Aditya_2018-08-17_45_200_hp,0.004404,0.033660888671875,453.7205081669691,104904.63215258856,cf1,0.01635589296666965,0.0022440000000000003,0.006648,104677.56584922796,-10,Aditya_2018-08-17_45_200,1
174,2,segment_matching_annotaudio_Aditya_2018-08-17_45_200_hp,0.000436,0.028472900390625,4545.454545454545,105504.58715596332,fm2,0.012879587254148764,0.006648,0.007084,103211.00917431193,-10,Aditya_2018-08-17_45_200,1
175,3,segment_matching_annotaudio_Aditya_2018-08-17_45_200_hp,0.0132,0.03741455078125,151.42337976983646,105000.0,cf2,0.017594903017462356,0.007084,0.020284,104848.48484848486,-10,Aditya_2018-08-17_45_200,1
176,4,segment_matching_annotaudio_Aditya_2018-08-17_45_200_hp,0.002048,0.021240234375,972.7626459143968,91796.875,fm3,0.010424511482964258,0.020284,0.022331999999999998,88378.90625,-10,Aditya_2018-08-17_45_200,1
177,0,segment_matching_annotaudio_Aditya_2018-08-17_45_203_hp,0.030732,0.115875244140625,65.07027589796981,102564.10256410258,cf1,0.05100731425644869,0.000248,0.03098,102499.0238188208,-10,Aditya_2018-08-17_45_203,1
178,1,segment_matching_annotaudio_Aditya_2018-08-17_45_203_hp,0.001284,0.0677490234375,1552.7950310559006,101246.10591900312,fm1,0.028684298604203923,0.03098,0.032264,93457.94392523363,-10,Aditya_2018-08-17_45_203,1
179,2,segment_matching_annotaudio_Aditya_2018-08-17_45_203_hp,0.00037200000000000004,0.022247314453125,5319.1489361702115,102150.5376344086,cf2,0.01084496163792633,0.032264,0.032636,96774.1935483871,-10,Aditya_2018-08-17_45_203,1
180,0,segment_matching_annotaudio_Aditya_2018-08-17_45_269_hp,0.00026000000000000003,0.011474609375,7575.757575757576,92307.69230769233,cf1,0.005253798167617164,0.00023999999999999998,0.0005,84615.38461538462,-10,Aditya_2018-08-17_45_269,1
181,1,segment_matching_annotaudio_Aditya_2018-08-17_45_269_hp,0.0017399999999999998,0.062530517578125,1146.788990825688,103448.27586206897,fm1,0.02793939379020818,0.0005,0.00224,95977.01149425287,-10,Aditya_2018-08-17_45_269,1
182,2,segment_matching_annotaudio_Aditya_2018-08-17_45_269_hp,0.020084,0.098724365234375,99.56192751891676,105805.61641107351,cf2,0.053004396734149715,0.00224,0.022324,105706.03465445133,-10,Aditya_2018-08-17_45_269,1
183,3,segment_matching_annotaudio_Aditya_2018-08-17_45_269_hp,0.002876,0.07281494140625,694.4444444444445,102920.72322670378,fm2,0.029500451941677656,0.022324,0.0252,91446.45340751043,-10,Aditya_2018-08-17_45_269,1
184,0,segment_matching_annotaudio_Aditya_2018-08-17_45_29_hp,0.00172,0.1068115234375,1157.4074074074076,101744.18604651165,fm1,0.05804899519280109,0.00022,0.0019399999999999999,90116.27906976744,-10,Aditya_2018-08-17_45_29,1
185,1,segment_matching_annotaudio_Aditya_2018-08-17_45_29_hp,0.024992,0.191314697265625,80.0,102832.90653008963,cf1,0.09144136606720517,0.0019399999999999999,0.026931999999999998,102712.8681177977,-10,Aditya_2018-08-17_45_29,1
186,2,segment_matching_annotaudio_Aditya_2018-08-17_45_29_hp,0.0019879999999999997,0.0830078125,1004.016064257028,102112.67605633805,fm2,0.03404414700243996,0.026931999999999998,0.028919999999999998,88028.16901408453,-10,Aditya_2018-08-17_45_29,1
187,3,segment_matching_annotaudio_Aditya_2018-08-17_45_29_hp,7.6e-05,0.034271240234375,25000.0,105263.15789473684,cf2,0.01801188042452989,0.028919999999999998,0.028995999999999997,78947.36842105264,-10,Aditya_2018-08-17_45_29,1
188,0,segment_matching_annotaudio_Aditya_2018-08-17_45_337_hp,0.002652,0.025665283203125,753.0120481927712,92383.10708898943,fm1,0.010660448712086908,0.0,0.002652,90874.81146304676,-10,Aditya_2018-08-17_45_337,1
189,1,segment_matching_annotaudio_Aditya_2018-08-17_45_337_hp,0.01728,0.02978515625,115.68718186024988,104861.11111111114,cf1,0.011278478127657298,0.002652,0.019932,104629.62962962964,-10,Aditya_2018-08-17_45_337,1
190,2,segment_matching_annotaudio_Aditya_2018-08-17_45_337_hp,0.002164,0.07440185546875,922.509225092251,96580.40665434382,fm2,0.029615275144901313,0.019932,0.022096,92883.54898336416,-10,Aditya_2018-08-17_45_337,1
191,3,segment_matching_annotaudio_Aditya_2018-08-17_45_337_hp,0.00047999999999999996,0.04718017578125,4098.360655737705,91666.66666666669,cf2,0.024512908629303103,0.022096,0.022576,89583.33333333334,-10,Aditya_2018-08-17_45_337,1
192,4,segment_matching_annotaudio_Aditya_2018-08-17_45_337_hp,0.000236,0.035064697265625,8333.333333333334,93220.33898305084,fm3,0.0190548584056026,0.022576,0.022812,88983.05084745762,-10,Aditya_2018-08-17_45_337,1
193,5,segment_matching_annotaudio_Aditya_2018-08-17_45_337_hp,0.000244,0.03472900390625,8064.5161290322585,98360.65573770492,cf3,0.012697869604936298,0.022812,0.023056,81967.21311475411,-10,Aditya_2018-08-17_45_337,1
194,6,segment_matching_annotaudio_Aditya_2018-08-17_45_337_hp,0.000236,0.0301513671875,8333.333333333334,97457.62711864409,fm4,0.014064523852992004,0.023056,0.023292,88983.05084745762,-10,Aditya_2018-08-17_45_337,1
195,7,segment_matching_annotaudio_Aditya_2018-08-17_45_337_hp,0.000708,0.012451171875,2808.9887640449438,101694.91525423726,cf4,0.004961858894871532,0.023292,0.024,90395.48022598874,-10,Aditya_2018-08-17_45_337,1
196,0,segment_matching_annotaudio_Aditya_2018-08-17_45_342_hp,0.00022,0.039459228515625,8928.57142857143,90909.09090909091,cf1,0.015216881371504974,0.0,0.00022,86363.63636363638,-10,Aditya_2018-08-17_45_342,1
197,1,segment_matching_annotaudio_Aditya_2018-08-17_45_342_hp,0.001044,0.093231201171875,1908.3969465648852,98659.00383141762,fm1,0.04800034343097891,0.00022,0.0012640000000000001,96743.29501915707,-10,Aditya_2018-08-17_45_342,1
198,2,segment_matching_annotaudio_Aditya_2018-08-17_45_342_hp,0.017472,0.42010498046875,114.41647597254006,105196.88644688646,cf2,0.2365539268255832,0.0012640000000000001,0.018736000000000003,104796.24542124543,-10,Aditya_2018-08-17_45_342,1
199,3,segment_matching_annotaudio_Aditya_2018-08-17_45_342_hp,0.001872,0.293731689453125,1063.8297872340424,98290.59829059828,fm2,0.1642893141253977,0.018736000000000003,0.020608,91880.34188034188,-10,Aditya_2018-08-17_45_342,1
200,4,segment_matching_annotaudio_Aditya_2018-08-17_45_342_hp,0.000392,0.02264404296875,5000.0,89285.71428571429,cf3,0.007334802078642455,0.020608,0.021,84183.67346938778,-10,Aditya_2018-08-17_45_342,1
201,0,segment_matching_annotaudio_Aditya_2018-08-19_0120-0200_110_hp,0.0020039999999999997,0.02337646484375,996.01593625498,99301.39720558883,fm1,0.012346319869709924,0.000916,0.00292,96307.38522954092,-10,Aditya_2018-08-19_0120-0200_110,1
202,1,segment_matching_annotaudio_Aditya_2018-08-19_0120-0200_110_hp,0.022716,0.050018310546875,88.02816901408451,107809.47349885543,cf1,0.025217456662131627,0.00292,0.025636000000000003,107501.32065504492,-10,Aditya_2018-08-19_0120-0200_110,1
203,2,segment_matching_annotaudio_Aditya_2018-08-19_0120-0200_110_hp,0.0022719999999999997,0.03167724609375,877.1929824561405,95950.70422535214,fm2,0.017191591497797015,0.025636000000000003,0.027908,92429.57746478873,-10,Aditya_2018-08-19_0120-0200_110,1
204,3,segment_matching_annotaudio_Aditya_2018-08-19_0120-0200_110_hp,0.000852,0.016143798828125,2336.448598130841,91549.29577464786,cf2,0.007516530400309495,0.027908,0.02876,91549.29577464786,-10,Aditya_2018-08-19_0120-0200_110,1
205,4,segment_matching_annotaudio_Aditya_2018-08-19_0120-0200_110_hp,0.000704,0.00897216796875,2808.9887640449438,95170.45454545453,fm3,0.004054834786718625,0.02876,0.029463999999999997,90909.09090909091,-10,Aditya_2018-08-19_0120-0200_110,1
206,0,segment_matching_annotaudio_Aditya_2018-08-19_0120-0200_112_hp,0.000268,0.021209716796875,7352.941176470588,89552.23880597016,cf1,0.012465611793329888,0.0008439999999999999,0.001112,85820.89552238806,-10,Aditya_2018-08-19_0120-0200_112,1
207,1,segment_matching_annotaudio_Aditya_2018-08-19_0120-0200_112_hp,0.002016,0.043426513671875,988.1422924901185,104166.66666666669,fm1,0.024600366583289263,0.001112,0.003128,91269.84126984127,-10,Aditya_2018-08-19_0120-0200_112,1
208,2,segment_matching_annotaudio_Aditya_2018-08-19_0120-0200_112_hp,0.021168,0.06744384765625,94.44654325651682,105442.17687074831,cf2,0.036893582968604316,0.003128,0.024296,105394.9357520786,-10,Aditya_2018-08-19_0120-0200_112,1
209,3,segment_matching_annotaudio_Aditya_2018-08-19_0120-0200_112_hp,0.0017879999999999999,0.029815673828125,1116.0714285714287,104026.8456375839,fm2,0.016775039353373142,0.024296,0.026083999999999996,90604.02684563759,-10,Aditya_2018-08-19_0120-0200_112,1
210,0,segment_matching_annotaudio_Aditya_2018-08-19_0120-0200_59_hp,0.013456000000000001,0.06951904296875,148.54426619132502,105677.76456599287,cf1,0.032608015012612825,0.0012519999999999999,0.014708,105603.44827586207,-10,Aditya_2018-08-19_0120-0200_59,3
211,1,segment_matching_annotaudio_Aditya_2018-08-19_0120-0200_59_hp,0.002516,0.05096435546875,793.6507936507936,104133.54531001588,fm1,0.02444016366788073,0.014708,0.017224,89030.20667726551,-10,Aditya_2018-08-19_0120-0200_59,3
212,2,segment_matching_annotaudio_Aditya_2018-08-19_0120-0200_59_hp,0.0008880000000000001,0.027984619140625,2232.1428571428573,88963.96396396396,cf2,0.012531619853496387,0.017224,0.018112,87837.83783783784,-10,Aditya_2018-08-19_0120-0200_59,3
213,0,segment_matching_annotaudio_Aditya_2018-08-19_0120-0200_90_hp,0.00078,0.014984130859375,2551.020408163265,91025.64102564102,cf1,0.005109078124293496,0.00031600000000000004,0.0010960000000000002,88461.53846153845,-10,Aditya_2018-08-19_0120-0200_90,1
214,1,segment_matching_annotaudio_Aditya_2018-08-19_0120-0200_90_hp,0.0015400000000000001,0.06170654296875,1295.3367875647666,104545.45454545457,fm1,0.02797314869985982,0.0010960000000000002,0.002636,97402.5974025974,-10,Aditya_2018-08-19_0120-0200_90,1
215,2,segment_matching_annotaudio_Aditya_2018-08-19_0120-0200_90_hp,0.014396,0.109466552734375,138.88888888888889,108155.04306751877,cf2,0.05732232686006,0.002636,0.017032,107807.72436787996,-10,Aditya_2018-08-19_0120-0200_90,1
216,3,segment_matching_annotaudio_Aditya_2018-08-19_0120-0200_90_hp,0.001732,0.039215087890625,1152.073732718894,105658.19861431872,fm2,0.021150732308541358,0.017032,0.018764,93533.4872979215,-10,Aditya_2018-08-19_0120-0200_90,1
217,4,segment_matching_annotaudio_Aditya_2018-08-19_0120-0200_90_hp,0.000904,0.0107421875,2192.9824561403507,88495.57522123895,cf3,0.004318261400709821,0.018764,0.019668,84070.79646017699,-10,Aditya_2018-08-19_0120-0200_90,1
218,0,segment_matching_annotaudio_Aditya_2018-08-19_23_16_hp,0.000212,0.009857177734375,9259.25925925926,99056.60377358492,fm1,0.004469389878210897,0.0,0.000212,94339.62264150943,-10,Aditya_2018-08-19_23_16,1
219,1,segment_matching_annotaudio_Aditya_2018-08-19_23_16_hp,0.000404,0.0113525390625,4901.960784313726,103960.39603960396,cf1,0.0060541799083364215,0.000212,0.000616,99009.900990099,-10,Aditya_2018-08-19_23_16,1
220,2,segment_matching_annotaudio_Aditya_2018-08-19_23_16_hp,0.000196,0.014801025390625,10000.0,96938.77551020408,fm2,0.008653371820744847,0.000616,0.0008119999999999999,91836.73469387756,-10,Aditya_2018-08-19_23_16,1
221,3,segment_matching_annotaudio_Aditya_2018-08-19_23_16_hp,0.016,0.144073486328125,124.9375312343828,105250.0,cf2,0.07328310811692973,0.0008119999999999999,0.016812,105062.5,-10,Aditya_2018-08-19_23_16,1
222,4,segment_matching_annotaudio_Aditya_2018-08-19_23_16_hp,0.003188,0.148284912109375,626.5664160401002,103513.17440401508,fm3,0.04911755564075778,0.016812,0.02,87515.68381430363,-10,Aditya_2018-08-19_23_16,1
223,0,segment_matching_annotaudio_Aditya_2018-08-19_23_17_hp,0.0017760000000000002,0.01251220703125,1121.0762331838564,101914.4144144144,fm1,0.004681798462734602,0.0,0.0017760000000000002,91216.2162162162,-10,Aditya_2018-08-19_23_17,1
224,1,segment_matching_annotaudio_Aditya_2018-08-19_23_17_hp,0.012159999999999999,0.026458740234375,164.3655489809336,104029.60526315794,cf1,0.013527549429666394,0.0017760000000000002,0.013936000000000002,103618.4210526316,-10,Aditya_2018-08-19_23_17,1
225,2,segment_matching_annotaudio_Aditya_2018-08-19_23_17_hp,0.00016,0.022735595703125,11904.761904761905,100000.0,fm2,0.013574564709817277,0.013936000000000002,0.014096000000000001,93750.0,-10,Aditya_2018-08-19_23_17,1
226,3,segment_matching_annotaudio_Aditya_2018-08-19_23_17_hp,0.00032,0.015289306640625,6097.560975609757,103125.0,cf2,0.008970959899951584,0.014096000000000001,0.014416,100000.0,-10,Aditya_2018-08-19_23_17,1
227,4,segment_matching_annotaudio_Aditya_2018-08-19_23_17_hp,0.001588,0.018280029296875,1256.2814070351758,103274.55919395467,fm3,0.008718229594323897,0.014416,0.016004,88161.20906801008,-10,Aditya_2018-08-19_23_17,1
228,0,segment_matching_annotaudio_Aditya_2018-08-19_23_18_hp,0.0002,0.00439453125,9615.384615384615,105000.0,fm1,0.0019327869080535316,0.000272,0.000472,60000.0,-10,Aditya_2018-08-19_23_18,2
229,1,segment_matching_annotaudio_Aditya_2018-08-19_23_18_hp,0.00018,0.011444091796875,10869.565217391304,94444.44444444444,cf1,0.00699594872468303,0.000472,0.0006519999999999999,83333.33333333331,-10,Aditya_2018-08-19_23_18,2
230,2,segment_matching_annotaudio_Aditya_2018-08-19_23_18_hp,0.001288,0.025482177734375,1543.20987654321,102484.47204968946,fm2,0.012034012811794354,0.0006519999999999999,0.0019399999999999999,93944.09937888199,-10,Aditya_2018-08-19_23_18,2
231,3,segment_matching_annotaudio_Aditya_2018-08-19_23_18_hp,0.015087999999999999,0.050384521484375,132.48542660307365,104453.87062566279,cf2,0.02732953702293529,0.0019399999999999999,0.017028,104321.31495227996,-10,Aditya_2018-08-19_23_18,2
232,4,segment_matching_annotaudio_Aditya_2018-08-19_23_18_hp,0.001972,0.036468505859375,1012.1457489878543,101926.9776876268,fm3,0.01694708975526295,0.017028,0.019,87728.19472616634,-10,Aditya_2018-08-19_23_18,2
233,0,segment_matching_annotaudio_Aditya_2018-08-19_23_39_hp,0.001984,0.037109375,1004.016064257028,106350.8064516129,fm1,0.016455796797431064,0.000984,0.002968,95262.09677419356,-10,Aditya_2018-08-19_23_39,2
234,1,segment_matching_annotaudio_Aditya_2018-08-19_23_39_hp,0.025252,0.072479248046875,79.18910357934749,107041.02645335023,cf1,0.039408783966449874,0.002968,0.02822,107001.42562965312,-10,Aditya_2018-08-19_23_39,2
235,2,segment_matching_annotaudio_Aditya_2018-08-19_23_39_hp,0.001972,0.043365478515625,1012.1457489878543,103448.27586206897,fm2,0.018310544192589286,0.02822,0.030192,93306.28803245435,-10,Aditya_2018-08-19_23_39,2
236,3,segment_matching_annotaudio_Aditya_2018-08-19_23_39_hp,0.0006519999999999999,0.01708984375,3048.7804878048787,107361.96319018405,cf2,0.008843248403033424,0.030192,0.030844,90490.79754601227,-10,Aditya_2018-08-19_23_39,2
237,4,segment_matching_annotaudio_Aditya_2018-08-19_23_39_hp,0.001644,0.01824951171875,1213.5922330097087,95498.78345498783,fm3,0.007700796178548607,0.030844,0.032488,91849.1484184915,-10,Aditya_2018-08-19_23_39,2
238,5,segment_matching_annotaudio_Aditya_2018-08-19_23_39_hp,0.0015199999999999999,0.0111083984375,1308.9005235602094,98684.2105263158,cf3,0.005417448766524277,0.032488,0.034008,96710.52631578947,-10,Aditya_2018-08-19_23_39,2
239,0,segment_matching_annotaudio_Aditya_2018-08-20_0300-0400_56_hp,0.001504,0.013702392578125,1322.7513227513227,101728.72340425533,fm1,0.007452047634083541,0.000576,0.0020800000000000003,92420.21276595746,-10,Aditya_2018-08-20_0300-0400_56,1
240,1,segment_matching_annotaudio_Aditya_2018-08-20_0300-0400_56_hp,0.04464,0.025848388671875,44.79483963447411,103651.43369175628,cf1,0.012356142603114769,0.0020800000000000003,0.04672,103427.41935483873,-10,Aditya_2018-08-20_0300-0400_56,1
241,2,segment_matching_annotaudio_Aditya_2018-08-20_0300-0400_56_hp,0.0024760000000000003,0.016448974609375,806.4516129032259,103392.56865912763,fm2,0.007805615181615677,0.04672,0.049196,90468.49757673669,-10,Aditya_2018-08-20_0300-0400_56,1
242,3,segment_matching_annotaudio_Aditya_2018-08-20_0300-0400_56_hp,0.000496,0.008758544921875,3968.2539682539677,90725.8064516129,cf2,0.004094948798044275,0.049196,0.049692,88709.67741935482,-10,Aditya_2018-08-20_0300-0400_56,1
243,4,segment_matching_annotaudio_Aditya_2018-08-20_0300-0400_56_hp,0.000516,0.0068359375,3846.1538461538457,91085.27131782948,fm3,0.002795723620245586,0.049692,0.050207999999999996,87209.30232558139,-10,Aditya_2018-08-20_0300-0400_56,1
244,0,segment_matching_annotaudio_Aditya_2018-08-17_23_111_hp,0.00168,0.061859130859375,1184.8341232227488,104166.66666666669,fm1,0.023540649609613367,0.0010279999999999998,0.002708,96428.57142857145,-10,Aditya_2018-08-17_23_111,1
245,1,segment_matching_annotaudio_Aditya_2018-08-17_23_111_hp,0.017263999999999998,0.113006591796875,115.7943492357573,105074.14272474515,cf1,0.05825433026105398,0.002708,0.019972,104784.52270620945,-10,Aditya_2018-08-17_23_111,1
246,2,segment_matching_annotaudio_Aditya_2018-08-17_23_111_hp,0.000204,0.0343017578125,9615.384615384615,102941.17647058824,fm2,0.01940774012571236,0.019972,0.020176,98039.21568627453,-10,Aditya_2018-08-17_23_111,1
247,3,segment_matching_annotaudio_Aditya_2018-08-17_23_111_hp,0.00041600000000000003,0.031280517578125,4716.981132075472,108173.07692307694,cf2,0.015978727379216486,0.020176,0.020592,100961.53846153844,-10,Aditya_2018-08-17_23_111,1
248,4,segment_matching_annotaudio_Aditya_2018-08-17_23_111_hp,0.001332,0.03271484375,1497.005988023952,94594.59459459462,fm3,0.0128702109015295,0.020592,0.021924000000000003,91591.5915915916,-10,Aditya_2018-08-17_23_111,1
249,0,segment_matching_annotaudio_Aditya_2018-08-17_23_133_hp,0.0017800000000000001,0.01776123046875,1121.0762331838564,94943.82022471912,fm1,0.00886549947409662,0.000708,0.0024879999999999998,91011.23595505617,-10,Aditya_2018-08-17_23_133,2
250,1,segment_matching_annotaudio_Aditya_2018-08-17_23_133_hp,0.015872,0.075958251953125,125.94458438287155,103830.64516129033,cf1,0.04009737718129112,0.0024879999999999998,0.018359999999999998,103641.63306451614,-10,Aditya_2018-08-17_23_133,2
251,2,segment_matching_annotaudio_Aditya_2018-08-17_23_133_hp,0.001964,0.066741943359375,1016.260162601626,89613.03462321791,fm2,0.03465610374537139,0.018359999999999998,0.020324000000000002,85030.549898167,-10,Aditya_2018-08-17_23_133,2
252,3,segment_matching_annotaudio_Aditya_2018-08-17_23_133_hp,0.000184,0.02984619140625,10416.666666666666,81521.73913043477,cf2,0.011503856343728287,0.020324000000000002,0.020508000000000002,76086.95652173914,-10,Aditya_2018-08-17_23_133,2
253,0,segment_matching_annotaudio_Aditya_2018-08-17_23_14_hp,0.0008320000000000001,0.00927734375,2380.952380952381,100961.53846153844,cf1,0.0038555922807679173,4e-05,0.000872,91346.15384615383,-10,Aditya_2018-08-17_23_14,1
254,1,segment_matching_annotaudio_Aditya_2018-08-17_23_14_hp,0.0002,0.010498046875,9615.384615384615,105000.0,fm1,0.005179035315442553,0.000872,0.001072,95000.0,-10,Aditya_2018-08-17_23_14,1
255,2,segment_matching_annotaudio_Aditya_2018-08-17_23_14_hp,0.015304,0.035980224609375,130.61650992685477,103959.74908520648,cf2,0.017551089592653564,0.001072,0.016375999999999998,103633.03711447988,-10,Aditya_2018-08-17_23_14,1
256,3,segment_matching_annotaudio_Aditya_2018-08-17_23_14_hp,0.0002,0.02508544921875,9615.384615384615,100000.0,fm2,0.013765711288311605,0.016375999999999998,0.016576,100000.0,-10,Aditya_2018-08-17_23_14,1
257,4,segment_matching_annotaudio_Aditya_2018-08-17_23_14_hp,0.0018399999999999998,0.0323486328125,1082.2510822510824,103260.8695652174,cf3,0.014244069373725287,0.016576,0.018416,103260.8695652174,-10,Aditya_2018-08-17_23_14,1
258,5,segment_matching_annotaudio_Aditya_2018-08-17_23_14_hp,0.00242,0.02996826171875,825.0825082508252,106198.34710743802,fm3,0.008108097665389584,0.018416,0.020836,90909.09090909091,-10,Aditya_2018-08-17_23_14,1
259,0,segment_matching_annotaudio_Aditya_2018-08-17_23_145_hp,0.000628,0.01324462890625,3164.556962025317,100318.47133757961,fm1,0.006551904412592666,0.000248,0.0008759999999999999,97133.75796178344,-10,Aditya_2018-08-17_23_145,1
260,1,segment_matching_annotaudio_Aditya_2018-08-17_23_145_hp,0.018156,0.0341796875,110.13215859030836,102500.5507821106,cf1,0.015198992989119434,0.0008759999999999999,0.019032,102280.2379378718,-10,Aditya_2018-08-17_23_145,1
261,2,segment_matching_annotaudio_Aditya_2018-08-17_23_145_hp,0.0002,0.017364501953125,9615.384615384615,100000.0,fm2,0.010414355041390004,0.019032,0.019232,90000.0,-10,Aditya_2018-08-17_23_145,1
262,3,segment_matching_annotaudio_Aditya_2018-08-17_23_145_hp,0.000204,0.011871337890625,9615.384615384615,102941.17647058824,cf2,0.0072010200405078235,0.019232,0.019436000000000002,93137.25490196078,-10,Aditya_2018-08-17_23_145,1
263,4,segment_matching_annotaudio_Aditya_2018-08-17_23_145_hp,0.001552,0.02215576171875,1282.051282051282,102448.45360824742,fm3,0.008142453457958401,0.019436000000000002,0.020988,86984.53608247422,-10,Aditya_2018-08-17_23_145,1
264,0,segment_matching_annotaudio_Aditya_2018-08-17_23_15_hp,0.000452,0.01220703125,4385.964912280701,103982.30088495577,cf1,0.005050702218892568,0.00033999999999999997,0.000792,90707.96460176993,-10,Aditya_2018-08-17_23_15,1
265,1,segment_matching_annotaudio_Aditya_2018-08-17_23_15_hp,0.0022,0.03192138671875,905.7971014492754,104545.45454545457,fm1,0.015919116202770003,0.000792,0.0029920000000000003,93636.36363636363,-10,Aditya_2018-08-17_23_15,1
266,2,segment_matching_annotaudio_Aditya_2018-08-17_23_15_hp,0.017384,0.05145263671875,114.99540018399263,106477.22043258169,cf2,0.021492813478195996,0.0029920000000000003,0.020376,106247.12379199264,-10,Aditya_2018-08-17_23_15,1
267,3,segment_matching_annotaudio_Aditya_2018-08-17_23_15_hp,0.002184,0.015777587890625,912.4087591240876,103937.72893772897,fm2,0.00717436754825042,0.020376,0.02256,92032.96703296703,-10,Aditya_2018-08-17_23_15,1
268,0,segment_matching_annotaudio_Aditya_2018-08-17_23_173_hp,0.00042800000000000005,0.006927490234375,4629.62962962963,88785.04672897197,cf1,0.0030126385286252657,0.0,0.00042800000000000005,88785.04672897197,-10,Aditya_2018-08-17_23_173,1
269,1,segment_matching_annotaudio_Aditya_2018-08-17_23_173_hp,0.000212,0.011688232421875,9259.25925925926,99056.60377358492,fm1,0.005091141957826714,0.00042800000000000005,0.00064,89622.64150943396,-10,Aditya_2018-08-17_23_173,1
270,2,segment_matching_annotaudio_Aditya_2018-08-17_23_173_hp,0.017468,0.051971435546875,114.46886446886448,106022.44103503547,cf2,0.024693511469818973,0.00064,0.018108000000000003,105850.69841996793,-10,Aditya_2018-08-17_23_173,1
271,3,segment_matching_annotaudio_Aditya_2018-08-17_23_173_hp,0.002708,0.032440185546875,737.4631268436577,92688.33087149188,fm2,0.012389442270111836,0.018108000000000003,0.020816,89364.84490398818,-10,Aditya_2018-08-17_23_173,1
272,4,segment_matching_annotaudio_Aditya_2018-08-17_23_173_hp,0.000184,0.01348876953125,10416.666666666666,103260.8695652174,cf3,0.006534637268475538,0.020816,0.021,86956.52173913043,-10,Aditya_2018-08-17_23_173,1
273,0,segment_matching_annotaudio_Aditya_2018-08-17_23_196_hp,0.00022,0.017578125,8928.57142857143,95454.54545454547,cf1,0.01021320638226691,0.00062,0.00084,86363.63636363638,-10,Aditya_2018-08-17_23_196,1
274,1,segment_matching_annotaudio_Aditya_2018-08-17_23_196_hp,0.00146,0.0225830078125,1366.120218579235,102739.72602739726,fm1,0.011914009023015664,0.00084,0.0023,93835.61643835617,-10,Aditya_2018-08-17_23_196,1
275,2,segment_matching_annotaudio_Aditya_2018-08-17_23_196_hp,0.016428,0.067352294921875,121.71372930866602,105368.88239590943,cf2,0.030438533227656557,0.0023,0.018728,105125.39566593623,-10,Aditya_2018-08-17_23_196,1
276,3,segment_matching_annotaudio_Aditya_2018-08-17_23_196_hp,0.001872,0.075439453125,1063.8297872340424,102564.10256410256,fm2,0.04143052187064456,0.018728,0.0206,90277.77777777777,-10,Aditya_2018-08-17_23_196,1
277,4,segment_matching_annotaudio_Aditya_2018-08-17_23_196_hp,0.000628,0.03485107421875,3164.556962025317,89171.97452229299,cf3,0.015842449500865198,0.0206,0.021228,87579.6178343949,-10,Aditya_2018-08-17_23_196,1
278,5,segment_matching_annotaudio_Aditya_2018-08-17_23_196_hp,0.000204,0.01495361328125,9615.384615384615,93137.25490196078,fm3,0.009036761393199012,0.021228,0.021432,83333.33333333331,-10,Aditya_2018-08-17_23_196,1
279,6,segment_matching_annotaudio_Aditya_2018-08-17_23_196_hp,0.000364,0.01434326171875,5434.782608695652,87912.08791208793,cf4,0.006070795912798246,0.021432,0.021796,82417.58241758242,-10,Aditya_2018-08-17_23_196,1
280,0,segment_matching_annotaudio_Aditya_2018-08-17_23_56_hp,0.001912,0.028045654296875,1041.6666666666667,100418.410041841,fm1,0.011454930576892937,7.2e-05,0.001984,91527.19665271966,-10,Aditya_2018-08-17_23_56,1
281,1,segment_matching_annotaudio_Aditya_2018-08-17_23_56_hp,0.026539999999999998,0.043365478515625,75.34659433393611,104107.00828937453,cf1,0.020479150318440862,0.001984,0.028524,103993.97136397891,-10,Aditya_2018-08-17_23_56,1
282,2,segment_matching_annotaudio_Aditya_2018-08-17_23_56_hp,0.002216,0.035736083984375,899.2805755395682,101534.29602888088,fm2,0.012231100570082285,0.028524,0.030739999999999996,87545.12635379059,-10,Aditya_2018-08-17_23_56,1
283,3,segment_matching_annotaudio_Aditya_2018-08-17_23_56_hp,0.000944,0.019317626953125,2100.840336134454,87923.72881355933,cf2,0.0065153142589610144,0.030739999999999996,0.031684,85805.08474576271,-10,Aditya_2018-08-17_23_56,1
284,4,segment_matching_annotaudio_Aditya_2018-08-17_23_56_hp,0.000244,0.011749267578125,8064.5161290322585,86065.57377049181,fm3,0.004998341235380371,0.031684,0.031928,81967.21311475411,-10,Aditya_2018-08-17_23_56,1
285,0,segment_matching_annotaudio_Aditya_2018-08-17_23_70_hp,0.000188,0.02191162109375,10416.666666666666,106382.97872340426,fm1,0.012071069029022672,0.000152,0.00033999999999999997,95744.68085106382,-10,Aditya_2018-08-17_23_70,1
286,1,segment_matching_annotaudio_Aditya_2018-08-17_23_70_hp,0.013556,0.105194091796875,147.49262536873155,103201.53437592213,cf1,0.05687324935491684,0.00033999999999999997,0.013896,103127.7663027442,-10,Aditya_2018-08-17_23_70,1
287,2,segment_matching_annotaudio_Aditya_2018-08-17_23_70_hp,0.00246,0.1195068359375,811.6883116883117,96747.9674796748,fm2,0.05236213253614664,0.013896,0.016356,87804.87804878049,-10,Aditya_2018-08-17_23_70,1
288,3,segment_matching_annotaudio_Aditya_2018-08-17_23_70_hp,0.001236,0.085235595703125,1612.9032258064515,88996.76375404531,cf2,0.03500904161998787,0.016356,0.017592,87378.64077669906,-10,Aditya_2018-08-17_23_70,1
289,4,segment_matching_annotaudio_Aditya_2018-08-17_23_70_hp,0.000344,0.0284423828125,5681.818181818182,87209.30232558139,fm3,0.014078756726297813,0.017592,0.017936,78488.37209302327,-10,Aditya_2018-08-17_23_70,1
290,0,segment_matching_annotaudio_Aditya_2018-08-17_23_84_hp,0.0013880000000000001,0.01513671875,1436.7816091954026,100144.09221902015,fm1,0.005383370799299099,0.000336,0.0017239999999999998,92219.02017291066,-10,Aditya_2018-08-17_23_84,1
291,1,segment_matching_annotaudio_Aditya_2018-08-17_23_84_hp,0.013916,0.027801513671875,143.67816091954026,102256.39551595287,cf1,0.013946539498957742,0.0017239999999999998,0.01564,102040.81632653062,-10,Aditya_2018-08-17_23_84,1
292,2,segment_matching_annotaudio_Aditya_2018-08-17_23_84_hp,0.000192,0.0228271484375,10000.0,98958.33333333331,fm2,0.01279784105546198,0.01564,0.015832,93750.0,-10,Aditya_2018-08-17_23_84,1
293,3,segment_matching_annotaudio_Aditya_2018-08-17_23_84_hp,0.002552,0.0242919921875,781.25,102272.72727272726,cf2,0.01057023240701164,0.015832,0.018384,101489.02821316614,-10,Aditya_2018-08-17_23_84,1
294,4,segment_matching_annotaudio_Aditya_2018-08-17_23_84_hp,0.00186,0.019073486328125,1072.961373390558,103225.80645161292,fm3,0.006832039068650936,0.018384,0.020243999999999998,91935.48387096773,-10,Aditya_2018-08-17_23_84,1
