,ifm_terminal_frequency,ifm_start,ifm_peak_frequency,ifm_stop,ifm_region_id,ifm_rms,ifm_peak_amplitude,ifm_duration,ifm_peak_freq_resolution,cf_terminal_frequency,cf_start,cf_peak_frequency,cf_stop,cf_region_id,cf_rms,cf_peak_amplitude,cf_duration,cf_peak_freq_resolution,tfm_terminal_frequency,tfm_start,tfm_peak_frequency,tfm_stop,tfm_region_id,tfm_rms,tfm_peak_amplitude,tfm_duration,tfm_peak_freq_resolution,audio_file,terminal_frequency_threshold,video_annot_id,num_bats,0,duration,peak_freq_resolution,terminal_frequency
0,102803.73831775703,0.00162,107476.6355140187,0.002048,fm1,0.010141900519515572,0.020599365234375,0.00042800000000000005,4629.62962962963,107869.14235190097,0.002048,108090.18567639258,0.020144,cf1,0.07215095482214423,0.144378662109375,0.018096,110.4728236853734,88770.86494688924,0.020144,91047.04097116843,0.02278,fm2,0.0281987927520798,0.062225341796875,0.002636,757.5757575757576,segment_matching_annotaudio_Aditya_2018-08-16_21502300_101,-10,Aditya_2018-08-16_21502300_101,1,,,,
1,,,,,,,,,,105194.46619681547,0.001376,105390.23753589144,0.0167,cf1,0.025778594642405357,0.053070068359375,0.015324,130.48016701461378,88582.67716535434,0.0167,103543.3070866142,0.01924,fm1,0.01634002430133457,0.042816162109375,0.0025399999999999997,786.1635220125786,segment_matching_annotaudio_Aditya_2018-08-16_21502300_102,-10,Aditya_2018-08-16_21502300_102,1,,,,
2,96273.29192546583,0.00066,106107.66045548656,0.002592,fm1,0.15546818811601895,0.269683837890625,0.0019320000000000001,1033.0578512396694,106973.37200105457,0.002592,106973.37200105457,0.017764,cf1,0.2714703725882995,0.448944091796875,0.015172,131.78703215603585,91810.34482758619,0.017764,104741.37931034484,0.020084,fm2,0.17982174697968625,0.308990478515625,0.00232,859.1065292096221,segment_matching_annotaudio_Aditya_2018-08-16_21502300_104,-10,Aditya_2018-08-16_21502300_104,1,,,,
3,99856.32183908047,0.001036,105603.44827586207,0.002428,fm1,0.0168176535354491,0.045562744140625,0.001392,1428.571428571429,107272.98206278024,0.002428,107413.11659192824,0.0167,cf1,0.0351400075014675,0.070953369140625,0.014272,140.05602240896357,96977.32997481107,0.0167,105163.72795969773,0.018288,fm2,0.013470124163498324,0.030303955078125,0.001588,1256.2814070351758,segment_matching_annotaudio_Aditya_2018-08-16_21502300_106,-10,Aditya_2018-08-16_21502300_106,1,,,,
4,99326.59932659932,5.6000000000000006e-05,106060.60606060603,0.0012439999999999999,fm1,0.012092096646668616,0.025665283203125,0.001188,1677.8523489932886,106701.94003527338,0.0012439999999999999,106848.91240446796,0.014852,cf1,0.02899286279904937,0.055877685546875,0.013608000000000002,146.88601645123384,97014.92537313432,0.014852,104477.61194029849,0.016996,fm2,0.020249834499795186,0.047576904296875,0.002144,929.3680297397771,segment_matching_annotaudio_Aditya_2018-08-16_21502300_108,-10,Aditya_2018-08-16_21502300_108,1,,,,
5,,,,,,,,,,105383.92657264383,0.000936,105551.82449070962,0.018803999999999998,cf1,0.04244860249444943,0.094268798828125,0.017868000000000002,111.9068934646374,91435.18518518518,0.018803999999999998,102430.55555555556,0.020531999999999998,fm1,0.02198145184080013,0.050506591796875,0.0017280000000000002,1152.073732718894,segment_matching_annotaudio_Aditya_2018-08-16_21502300_110,-10,Aditya_2018-08-16_21502300_110,1,,,,
6,,0.000908,102657.00483091787,0.002564,fm1,0.0178691802416919,0.042205810546875,,,,0.002564,105548.94376673608,0.016008,cf1,0.04005915017069598,0.074188232421875,,,,0.016008,105072.46376811595,0.017664,fm2,0.018868229868014556,0.044586181640625,,,segment_matching_annotaudio_Aditya_2018-08-16_21502300_111,-10,Aditya_2018-08-16_21502300_111,1,,0.001656,1201.923076923077,94806.76328502416
7,,,,,,,,,,105559.99201437416,0.0018399999999999998,105609.90217608307,0.021876,cf1,0.04856064727890373,0.104766845703125,0.020036,99.80039920159679,90395.4802259887,0.021876,105461.39359698682,0.024,fm1,0.02016517680136817,0.049102783203125,0.002124,939.8496240601503,segment_matching_annotaudio_Aditya_2018-08-16_21502300_18,-10,Aditya_2018-08-16_21502300_18,2,,,,
8,103305.78512396694,0.0,105888.42975206609,0.001936,fm1,0.018163026242658538,0.050872802734375,0.001936,1028.80658436214,107620.1875124676,0.001936,107653.43440388324,0.062091999999999994,cf1,0.1501261604996779,0.324676513671875,0.060155999999999994,33.244680851063826,102725.36687631028,0.062091999999999994,105345.91194968554,0.064,fm2,0.015328997175646588,0.047271728515625,0.0019079999999999998,1046.0251046025103,segment_matching_annotaudio_Aditya_2018-08-16_21502300_22,-10,Aditya_2018-08-16_21502300_22,2,,,,
9,92039.8009950249,0.000728,103855.72139303484,0.002336,fm1,0.020795296608906697,0.044647216796875,0.0016079999999999998,1237.6237623762374,105133.68983957221,0.002336,105401.0695187166,0.021036000000000003,cf1,0.03950246972699223,0.076141357421875,0.0187,106.92899914456801,90327.16927453774,0.021036000000000003,102418.2076813656,0.023847999999999998,fm2,0.025472069350264217,0.061248779296875,0.0028120000000000003,710.2272727272727,segment_matching_annotaudio_Aditya_2018-08-16_21502300_24,-10,Aditya_2018-08-16_21502300_24,1,,,,
10,96866.09686609688,0.000768,102564.10256410258,0.002172,fm1,0.009554262802466013,0.024688720703125,0.0014039999999999999,1420.4545454545455,103302.98333979078,0.002172,103399.84502130956,0.02282,cf1,0.02076174062706428,0.040863037109375,0.020648,96.82416731216112,95198.67549668877,0.02282,102649.00662251656,0.024028,fm2,0.00871497097077258,0.022308349609375,0.001208,1644.7368421052633,segment_matching_annotaudio_Aditya_2018-08-16_21502300_25,-10,Aditya_2018-08-16_21502300_25,1,,,,
11,96153.84615384617,0.000272,99358.97435897436,0.001208,fm1,0.016891106674524706,0.037506103515625,0.000936,2118.64406779661,102275.600505689,0.001208,102591.65613147912,0.017028,cf1,0.04541725070966384,0.087799072265625,0.015819999999999997,126.39029322548029,89757.70925110133,0.017028,100220.26431718064,0.018844,fm2,0.02538100168186467,0.060760498046875,0.001816,1096.4912280701753,segment_matching_annotaudio_Aditya_2018-08-16_21502300_26,-10,Aditya_2018-08-16_21502300_26,2,,,,
12,21126.760563380285,0.00058,102112.67605633805,0.0008640000000000001,fm1,0.0031761726985501753,0.007659912109375,0.00028399999999999996,6944.444444444444,104701.1889862328,0.0008640000000000001,104779.41176470587,0.026432,cf1,0.016074762787744338,0.034820556640625,0.025568,78.1983109164842,91198.97959183676,0.026432,105229.5918367347,0.027999999999999997,fm2,0.008258640484958793,0.019134521484375,0.001568,1269.035532994924,segment_matching_annotaudio_Aditya_2018-08-16_21502300_28,-10,Aditya_2018-08-16_21502300_28,2,,,,
13,90589.88764044944,0.000868,101825.84269662922,0.002292,fm1,0.01489699679872447,0.033355712890625,0.001424,1396.6480446927374,102896.34146341463,0.002292,103104.21286031044,0.016724,cf1,0.031185379738283493,0.055633544921875,0.014431999999999999,138.50415512465375,85755.81395348838,0.016724,103682.17054263568,0.018788,fm2,0.017786752992086274,0.037017822265625,0.002064,965.2509652509652,segment_matching_annotaudio_Aditya_2018-08-16_21502300_30,-10,Aditya_2018-08-16_21502300_30,1,,,,
14,100732.60073260074,0.000156,108058.60805860806,0.001248,fm1,0.011865329237462842,0.026947021484375,0.001092,1824.8175182481752,108344.26355991053,0.001248,108382.84083018287,0.05309199999999999,cf1,0.05870060702393425,0.126251220703125,0.05184400000000001,38.574294090418135,100140.05602240897,0.05309199999999999,107142.85714285713,0.054520000000000006,fm2,0.024423500021413108,0.045806884765625,0.001428,1396.6480446927374,segment_matching_annotaudio_Aditya_2018-08-16_21502300_32,-10,Aditya_2018-08-16_21502300_32,1,,,,
15,96283.7837837838,0.000584,100506.75675675676,0.001768,fm1,0.03345782379917606,0.061431884765625,0.001184,1677.8523489932886,108993.44848123883,0.001768,109105.122096486,0.028631999999999998,cf1,0.05006422387543672,0.105987548828125,0.026864,74.42691277165822,99544.07294832826,0.028631999999999998,109422.4924012158,0.029948000000000002,fm2,0.022170498854271213,0.045013427734375,0.0013160000000000001,1515.1515151515152,segment_matching_annotaudio_Aditya_2018-08-16_21502300_33,-10,Aditya_2018-08-16_21502300_33,1,,,,
16,101736.97270471463,0.000336,107940.44665012408,0.001948,fm1,0.01856615961852545,0.040557861328125,0.0016120000000000002,1237.6237623762374,109498.68073878631,0.001948,109637.55034023053,0.030751999999999998,cf1,0.026625541650748447,0.056365966796875,0.028804000000000003,69.42515967786726,46228.71046228711,0.030751999999999998,105839.41605839418,0.032396,fm2,0.011013770705785785,0.025238037109375,0.001644,1213.5922330097087,segment_matching_annotaudio_Aditya_2018-08-16_21502300_35,-10,Aditya_2018-08-16_21502300_35,1,,,,
17,107142.85714285713,0.0,108630.95238095238,0.000672,fm1,0.015441811243827422,0.029449462890625,0.000672,2941.1764705882347,110961.42938173568,0.000672,111032.3312535451,0.014776,cf1,0.023902614682334903,0.046844482421875,0.014103999999999998,141.72335600907033,102137.76722090262,0.014776,109263.65795724466,0.01646,fm2,0.026538366588142032,0.060760498046875,0.001684,1184.8341232227488,segment_matching_annotaudio_Aditya_2018-08-16_21502300_39,-10,Aditya_2018-08-16_21502300_39,2,,,,
18,93629.34362934364,0.000148,97490.34749034749,0.001184,fm1,0.013219369840703559,0.029693603515625,0.001036,1923.0769230769229,106214.19127368886,0.001184,106214.19127368886,0.019336000000000002,cf1,0.016844503675164678,0.035186767578125,0.018152,110.13215859030836,92271.29337539432,0.019336000000000002,97791.79810725553,0.020604,fm2,0.021210400510365882,0.053802490234375,0.001268,1572.3270440251572,segment_matching_annotaudio_Aditya_2018-08-16_21502300_40,-10,Aditya_2018-08-16_21502300_40,3,,,,
19,99576.27118644069,0.001004,104872.8813559322,0.001948,fm1,0.05582382181954994,0.115692138671875,0.000944,2100.840336134454,105581.23000355493,0.001948,105803.41272662637,0.046956,cf1,0.12918933306759933,0.312774658203125,0.045008,44.4286475919673,100490.19607843137,0.046956,102941.17647058824,0.047772,fm2,0.021174457745942298,0.044342041015625,0.000816,2427.184466019417,segment_matching_annotaudio_Aditya_2018-08-16_21502300_41,-10,Aditya_2018-08-16_21502300_41,2,,,,
20,91362.12624584716,0.000356,104651.16279069768,0.00156,fm1,0.009725585707716604,0.018524169921875,0.001204,1655.6291390728477,106621.77328843996,0.00156,107089.41264496821,0.012251999999999999,cf1,0.013300439311706705,0.029083251953125,0.010692,186.98578908002992,88994.56521739131,0.012251999999999999,98505.43478260867,0.013724,fm2,0.01632238679752739,0.037139892578125,0.001472,1351.3513513513512,segment_matching_annotaudio_Aditya_2018-08-16_21502300_43,-10,Aditya_2018-08-16_21502300_43,2,,,,
21,104166.66666666669,0.0008039999999999999,109126.98412698413,0.001812,fm1,0.019026854267822864,0.045928955078125,0.001008,1968.5039370078741,109963.0376344086,0.001812,110005.04032258065,0.049428,cf1,0.10657011120773653,0.213043212890625,0.047616000000000006,41.99563245422476,102623.45679012347,0.049428,107253.0864197531,0.050724,fm2,0.027776566411135697,0.065155029296875,0.001296,1533.7423312883434,segment_matching_annotaudio_Aditya_2018-08-16_21502300_44,-10,Aditya_2018-08-16_21502300_44,1,,,,
22,99854.22740524783,0.000436,106413.99416909623,0.001808,fm1,0.017197909310142447,0.037017822265625,0.001372,1453.4883720930234,109325.507732439,0.001808,109348.79821129123,0.044744,cf1,0.030310124526363343,0.076263427734375,0.042936,46.572280178837566,100806.4516129032,0.044744,106854.83870967741,0.045736,fm2,0.009464360757277673,0.020721435546875,0.000992,2000.0,segment_matching_annotaudio_Aditya_2018-08-16_21502300_45,-10,Aditya_2018-08-16_21502300_45,2,,,,
23,97972.972972973,0.000236,108108.10810810812,0.001716,fm1,0.09498148514849424,0.217437744140625,0.00148,1344.0860215053765,109811.28853214926,0.001716,109939.37323883528,0.04856,cf1,0.13792290677152774,0.319122314453125,0.046844,42.69125683060109,102439.02439024391,0.04856,107317.0731707317,0.04938,fm2,0.01617249971484149,0.034576416015625,0.00082,2427.184466019417,segment_matching_annotaudio_Aditya_2018-08-16_21502300_46,-10,Aditya_2018-08-16_21502300_46,1,,,,
24,102500.0,0.001036,105000.0,0.001436,fm1,0.01511192875950731,0.028717041015625,0.0004,4901.960784313726,106822.76495630742,0.001436,106878.78108895363,0.019288,cf1,0.03774852013062372,0.080230712890625,0.017852,112.00716845878135,91517.85714285713,0.019288,107142.85714285713,0.020632,fm2,0.021959185129079583,0.047515869140625,0.001344,1479.2899408284025,segment_matching_annotaudio_Aditya_2018-08-16_21502300_47,-10,Aditya_2018-08-16_21502300_47,1,,,,
25,101910.82802547769,0.000604,108280.25477707006,0.001232,fm1,0.008948936983834822,0.017730712890625,0.000628,3164.556962025317,107519.93104934283,0.001232,107627.66645119588,0.019796,cf1,0.03351786042344098,0.067474365234375,0.018563999999999997,107.7121930202499,100308.64197530867,0.019796,104166.66666666669,0.021092,fm2,0.026514781655214918,0.060577392578125,0.001296,1533.7423312883434,segment_matching_annotaudio_Aditya_2018-08-16_21502300_62,-10,Aditya_2018-08-16_21502300_62,1,,,,
26,102303.52303523038,0.000292,105013.55013550137,0.001768,fm1,0.007902329504479055,0.017913818359375,0.0014759999999999999,1351.3513513513512,107182.91630716137,0.001768,107290.76790336498,0.048128,cf1,0.017858813728938553,0.049713134765625,0.046360000000000005,43.13319530710835,102373.88724035607,0.048128,106083.08605341248,0.049476,fm2,0.007223728631422702,0.017791748046875,0.001348,1479.2899408284025,segment_matching_annotaudio_Aditya_2018-08-16_21502300_70,-10,Aditya_2018-08-16_21502300_70,1,,,,
27,101851.85185185184,0.0009,111111.11111111114,0.001116,fm1,0.007358956082752678,0.016082763671875,0.00021600000000000002,8928.57142857143,107654.242998526,0.001116,107759.52832175195,0.020112,cf1,0.042183054397967185,0.092559814453125,0.018996000000000002,105.26315789473685,102586.20689655172,0.020112,105172.41379310343,0.021272,fm2,0.02333315512810014,0.053680419921875,0.00116,1712.3287671232874,segment_matching_annotaudio_Aditya_2018-08-16_21502300_73,-10,Aditya_2018-08-16_21502300_73,1,,,,
28,99780.70175438598,0.00037200000000000004,103070.1754385965,0.001284,fm1,0.010102827384327651,0.018890380859375,0.0009119999999999999,2173.913043478261,104140.36859378943,0.001284,104203.48396869477,0.017128,cf1,0.04561489345255234,0.085723876953125,0.015844,126.19888944977284,97150.25906735752,0.017128,104274.61139896372,0.018672,fm2,0.029359678786522424,0.061981201171875,0.001544,1288.659793814433,segment_matching_annotaudio_Aditya_2018-08-16_21502300_98,-10,Aditya_2018-08-16_21502300_98,1,,,,
29,100461.8937644342,0.0009720000000000001,106235.56581986144,0.002704,fm1,0.045982129543299236,0.104400634765625,0.001732,1152.073732718894,107817.49491426912,0.002704,108108.1081081081,0.016468,cf1,0.08768070285787394,0.172271728515625,0.013763999999999998,145.26438117373618,93936.38170974156,0.016468,106361.82902584493,0.01848,fm2,0.03332667447181206,0.068450927734375,0.002012,992.0634920634919,segment_matching_annotaudio_Aditya_2018-08-16_21502300_99,-10,Aditya_2018-08-16_21502300_99,1,,,,
30,94572.36842105264,0.0009519999999999999,101151.3157894737,0.002168,fm1,0.00951318340388952,0.017852783203125,0.001216,1633.9869281045749,103901.0989010989,0.002168,104368.13186813188,0.038568,cf1,0.01933566767677593,0.044708251953125,0.0364,54.93298176225006,91694.07894736844,0.038568,101973.68421052633,0.040999999999999995,fm2,0.01449793031928394,0.037078857421875,0.002432,819.672131147541,segment_matching_annotaudio_Aditya_2018-08-16_2324_10,-10,Aditya_2018-08-16_2324_10,1,,,,
31,93035.34303534304,0.0,102390.85239085241,0.001924,fm1,0.013603484153439298,0.034576416015625,0.001924,1037.344398340249,103965.40103347563,0.001924,104190.06964727027,0.019728,cf1,0.034939504321690566,0.069000244140625,0.017804,112.30907457322552,88815.78947368421,0.019728,102521.92982456142,0.021552,fm2,0.010233861888132028,0.025054931640625,0.0018239999999999999,1091.703056768559,segment_matching_annotaudio_Aditya_2018-08-16_2324_117,-10,Aditya_2018-08-16_2324_117,1,,,,
32,95833.33333333331,0.001516,100000.0,0.002236,fm1,0.009826600131844693,0.019256591796875,0.00072,2747.2527472527468,102405.99685648654,0.002236,102526.9012211341,0.03532,cf1,0.023823420179906945,0.050262451171875,0.033083999999999995,60.444874274661515,91885.44152744631,0.03532,102625.2983293556,0.036996,fm2,0.014059574218744885,0.041839599609375,0.0016760000000000002,1190.4761904761906,segment_matching_annotaudio_Aditya_2018-08-16_2324_128,-10,Aditya_2018-08-16_2324_128,1,,,,
33,88600.45146726863,0.000408,92550.7900677201,0.00218,fm1,0.01150959561102418,0.031280517578125,0.001772,1126.1261261261259,101565.9220324135,0.00218,101675.4270696452,0.020444,cf1,0.02818537059867575,0.055694580078125,0.018264,109.45709281961472,88582.67716535434,0.020444,100885.82677165355,0.022476,fm2,0.013000520715514044,0.033660888671875,0.002032,980.3921568627452,segment_matching_annotaudio_Aditya_2018-08-16_2324_129,-10,Aditya_2018-08-16_2324_129,1,,,,
34,98684.2105263158,0.000248,102870.8133971292,0.0019199999999999998,fm1,0.011200041885140904,0.030853271484375,0.0016719999999999999,1190.4761904761906,105269.8899974418,0.0019199999999999998,105333.84497313893,0.017556,cf1,0.03500325815755362,0.070159912109375,0.015636,127.8772378516624,99030.47091412742,0.017556,103185.59556786703,0.019,fm2,0.015490611876090675,0.045013427734375,0.001444,1381.21546961326,segment_matching_annotaudio_Aditya_2018-08-16_2324_143,-10,Aditya_2018-08-16_2324_143,1,,,,
35,100000.0,0.0,101754.38596491226,0.00114,fm1,0.007466754541265226,0.021331787109375,0.00114,1748.2517482517483,103178.67213534992,0.00114,103306.84439887207,0.016744,cf1,0.04410321218423912,0.089141845703125,0.015604,128.13941568426452,90868.79432624113,0.016744,102393.61702127662,0.019,fm2,0.0131680269174659,0.030975341796875,0.0022559999999999998,883.3922261484099,segment_matching_annotaudio_Aditya_2018-08-16_2324_15,-10,Aditya_2018-08-16_2324_15,1,,,,
36,91971.54471544716,0.000452,94004.06504065038,0.00242,fm1,0.013132083441528941,0.039581298828125,0.001968,1012.1457489878543,107325.81967213117,0.00242,107428.2786885246,0.02194,cf1,0.06276882164593213,0.149139404296875,0.01952,102.41704219582138,88562.09150326796,0.02194,105555.55555555556,0.025,fm2,0.02044921696708837,0.054779052734375,0.0030600000000000002,652.7415143603133,segment_matching_annotaudio_Aditya_2018-08-16_2324_156,-10,Aditya_2018-08-16_2324_156,1,,,,
37,89610.38961038961,0.0,94155.84415584416,0.0030800000000000003,fm1,0.0251083682050791,0.067901611328125,0.0030800000000000003,647.6683937823833,107580.82497212931,0.0030800000000000003,107692.3076923077,0.02102,cf1,0.04887611522286052,0.089630126953125,0.01794,111.45786892554614,85349.46236559139,0.02102,105510.75268817207,0.023996,fm2,0.028288193793108745,0.095428466796875,0.0029760000000000003,670.2412868632707,segment_matching_annotaudio_Aditya_2018-08-16_2324_159,-10,Aditya_2018-08-16_2324_159,1,,,,
38,95352.5641025641,0.0,104967.94871794873,0.001248,fm1,0.0033814784473766195,0.009796142578125,0.001248,1592.3566878980894,105751.01488497971,0.001248,105953.99188092016,0.016028,cf1,0.01280156454697228,0.026702880859375,0.014780000000000001,135.2813852813853,89756.59229208926,0.016028,105983.77281947262,0.018000000000000002,fm2,0.014093254009311376,0.042144775390625,0.001972,1012.1457489878543,segment_matching_annotaudio_Aditya_2018-08-16_2324_165,-10,Aditya_2018-08-16_2324_165,1,,,,
39,92541.4364640884,0.0,100368.3241252302,0.002172,fm1,0.09189692805497876,0.204437255859375,0.002172,919.1176470588236,105828.69511440939,0.002172,105983.30241187382,0.028044,cf1,0.2859343175955724,0.537689208984375,0.025872000000000003,77.27975270479135,89986.46820027064,0.028044,105886.33288227336,0.031,fm2,0.07750899144957565,0.160797119140625,0.002956,675.6756756756756,segment_matching_annotaudio_Aditya_2018-08-16_2324_167,-10,Aditya_2018-08-16_2324_167,1,,,,
40,,,,,,,,,,103660.14799154332,0.005816,103792.28329809725,0.020952000000000002,cf1,0.015082639352236868,0.030670166015625,0.015136000000000002,132.06550449022714,88519.31330472103,0.020952000000000002,102467.81115879829,0.022816,fm1,0.011554986710794444,0.025848388671875,0.001864,1068.3760683760684,segment_matching_annotaudio_Aditya_2018-08-16_2324_171,-10,Aditya_2018-08-16_2324_171,1,,,,
41,100000.0,0.001968,81250.00000000001,0.002128,fm1,0.0075041973766465965,0.015777587890625,0.00016,11904.761904761905,106143.93463230671,0.002128,106301.06851037084,0.014856,cf1,0.033586585428735216,0.071807861328125,0.012728,157.03517587939697,90485.07462686568,0.014856,105410.44776119402,0.017,fm2,0.027947906561532964,0.064971923828125,0.002144,929.3680297397771,segment_matching_annotaudio_Aditya_2018-08-16_2324_179,-10,Aditya_2018-08-16_2324_179,1,,,,
42,99358.97435897436,0.0,105769.23076923077,0.000312,fm1,0.0051181400739274035,0.012176513671875,0.000312,6250.0,106121.81479179618,0.000312,106354.87880671225,0.013184,cf1,0.06731220751413698,0.140167236328125,0.012872,155.2795031055901,89207.04845814979,0.013184,93612.33480176213,0.015,fm2,0.023286116916510197,0.055633544921875,0.001816,1096.4912280701753,segment_matching_annotaudio_Aditya_2018-08-16_2324_180,-10,Aditya_2018-08-16_2324_180,1,,,,
43,95549.7382198953,0.0,102094.24083769637,0.0015279999999999998,fm1,0.005961524274786788,0.014312744140625,0.0015279999999999998,1302.0833333333333,104835.23583889726,0.0015279999999999998,104942.92483308207,0.0201,cf1,0.014138252026935472,0.033782958984375,0.018571999999999998,107.66580534022394,93881.8565400844,0.0201,103902.9535864979,0.021996,fm2,0.005670734387825067,0.016876220703125,0.0018960000000000001,1050.420168067227,segment_matching_annotaudio_Aditya_2018-08-16_2324_182,-10,Aditya_2018-08-16_2324_182,2,,,,
44,92032.96703296703,0.0,102335.16483516485,0.001456,fm1,0.0629430125314805,0.131622314453125,0.001456,1366.120218579235,104950.98039215688,0.001456,105196.07843137256,0.021856,cf1,0.1914387051683436,0.469696044921875,0.0204,98.00078400627207,88152.98507462685,0.021856,103544.776119403,0.024,fm2,0.2125455746093872,0.445770263671875,0.002144,929.3680297397771,segment_matching_annotaudio_Aditya_2018-08-16_2324_184,-10,Aditya_2018-08-16_2324_184,1,,,,
45,,,,,,,,,,105280.10302640052,0.002648,105360.59240180296,0.015072,cf1,0.014428143214018528,0.028289794921875,0.012424,160.87516087516087,95238.09523809524,0.015072,103896.10389610393,0.015996,fm1,0.01010038595785242,0.020782470703125,0.000924,2155.1724137931037,segment_matching_annotaudio_Aditya_2018-08-16_2324_196,-10,Aditya_2018-08-16_2324_196,1,,,,
46,100760.45627376426,0.0,105513.30798479088,0.001052,fm1,0.03622221610185334,0.077545166015625,0.001052,1893.939393939394,106026.05863192184,0.001052,106351.79153094463,0.013332,cf1,0.0839830531779234,0.137725830078125,0.01228,162.76041666666666,101318.94484412472,0.013332,103717.02637889687,0.015,fm2,0.051736522404804385,0.122406005859375,0.001668,1196.1722488038274,segment_matching_annotaudio_Aditya_2018-08-16_2324_197,-10,Aditya_2018-08-16_2324_197,1,,,,
47,102380.9523809524,0.001428,104761.90476190476,0.001848,fm1,0.0052224272248312924,0.011383056640625,0.00042,4716.981132075472,106435.64356435645,0.001848,106667.69801980196,0.040632,cf1,0.052960217085188235,0.108306884765625,0.038784,51.55702206640545,95760.23391812867,0.040632,105263.15789473684,0.042,fm2,0.022911671742662502,0.055084228515625,0.001368,1453.4883720930234,segment_matching_annotaudio_Aditya_2018-08-16_2324_198,-10,Aditya_2018-08-16_2324_198,1,,,,
48,105392.15686274509,0.0,107843.13725490196,0.000816,fm1,0.056163420726922084,0.126007080078125,0.000816,2427.184466019417,108849.1409743469,0.000816,108907.97834784654,0.017812,cf1,0.1338123541290644,0.255035400390625,0.016996,117.64705882352942,44789.76234003657,0.017812,107404.02193784279,0.02,fm2,0.05547630721786447,0.143096923828125,0.002188,912.4087591240876,segment_matching_annotaudio_Aditya_2018-08-16_2324_20,-10,Aditya_2018-08-16_2324_20,2,,,,
49,100735.29411764706,0.0,105147.05882352943,0.0013599999999999999,fm1,0.009920014506902336,0.028717041015625,0.0013599999999999999,1461.9883040935672,106072.63345901963,0.0013599999999999999,106221.47251438776,0.021516,cf1,0.029378718403246882,0.063812255859375,0.020156,99.2063492063492,100183.82352941176,0.021516,106617.64705882351,0.022604,fm2,0.008475484735557398,0.022064208984375,0.001088,1824.8175182481752,segment_matching_annotaudio_Aditya_2018-08-16_2324_202,-10,Aditya_2018-08-16_2324_202,1,,,,
50,91406.25,0.0,95312.5,0.00256,fm1,0.026427286805460786,0.076690673828125,0.00256,778.816199376947,104437.94844538931,0.00256,104570.82115333511,0.017612,cf1,0.0754662351215007,0.155181884765625,0.015052000000000001,132.8374070138151,90526.31578947367,0.017612,104473.6842105263,0.021412,fm2,0.02458865070682098,0.077850341796875,0.0038,525.2100840336135,segment_matching_annotaudio_Aditya_2018-08-16_2324_208,-10,Aditya_2018-08-16_2324_208,2,,,,
51,88509.31677018633,0.0,95496.89440993789,0.002576,fm1,0.03196662734208213,0.076263427734375,0.002576,773.9938080495357,107149.92088607595,0.002576,107496.04430379748,0.0228,cf1,0.062151153334548466,0.139312744140625,0.020224000000000002,98.85330170027679,87515.68381430363,0.0228,106649.9372647428,0.025988,fm2,0.02086006928081734,0.063934326171875,0.003188,626.5664160401002,segment_matching_annotaudio_Aditya_2018-08-16_2324_211,-10,Aditya_2018-08-16_2324_211,1,,,,
52,99734.04255319152,0.000404,103280.14184397164,0.00266,fm1,0.0194865769288804,0.059356689453125,0.0022559999999999998,883.3922261484099,105880.9409505521,0.00266,106216.99471915507,0.04432,cf1,0.051745125329925014,0.125518798828125,0.04166,48.00307219662058,93234.32343234324,0.04432,103135.31353135314,0.045531999999999996,fm2,0.00988043457231657,0.022247314453125,0.001212,1644.7368421052633,segment_matching_annotaudio_Aditya_2018-08-16_2324_212,-10,Aditya_2018-08-16_2324_212,1,,,,
53,100817.43869209806,0.0,104223.4332425068,0.001468,fm1,0.026336393960376826,0.060333251953125,0.001468,1358.695652173913,106341.5750915751,0.001468,106398.80952380953,0.018940000000000002,cf1,0.051914877092188665,0.102386474609375,0.017472,114.41647597254006,94660.19417475727,0.018940000000000002,103883.49514563108,0.021,fm2,0.04676768762290134,0.121856689453125,0.00206,968.9922480620157,segment_matching_annotaudio_Aditya_2018-08-16_2324_218,-10,Aditya_2018-08-16_2324_218,3,,,,
54,102941.17647058824,0.0,106862.74509803923,0.0010199999999999999,fm1,0.012542323933279118,0.029571533203125,0.0010199999999999999,1953.125,106519.93355481727,0.0010199999999999999,105897.00996677742,0.015468,cf1,0.02644815532526289,0.049407958984375,0.014447999999999999,138.35085777531822,95953.00261096604,0.015468,109660.57441253263,0.017,fm2,0.011558718114829638,0.029754638671875,0.001532,1302.0833333333333,segment_matching_annotaudio_Aditya_2018-08-16_2324_23,-10,Aditya_2018-08-16_2324_23,2,,,,
55,97807.75716694773,0.000356,102023.60876897133,0.002728,fm1,0.02295938705015944,0.073944091796875,0.002372,841.7508417508417,102741.1592383344,0.002728,102845.7836367441,0.021844,cf1,0.07546717630400747,0.144317626953125,0.019116,104.60251046025104,90390.87947882737,0.021844,104234.52768729643,0.0243,fm2,0.01963636546921189,0.068756103515625,0.002456,811.6883116883117,segment_matching_annotaudio_Aditya_2018-08-16_2324_236,-10,Aditya_2018-08-16_2324_236,1,,,,
56,98623.8532110092,0.0,104931.19266055047,0.001744,fm1,0.01778575176606788,0.055511474609375,0.001744,1141.552511415525,106824.32926383508,0.001744,106933.9864025148,0.05646,cf1,0.054783913216822175,0.144866943359375,0.054715999999999994,36.54970760233918,99609.375,0.05646,105468.75,0.057996000000000006,fm2,0.015782330339501792,0.040191650390625,0.001536,1295.3367875647666,segment_matching_annotaudio_Aditya_2018-08-16_2324_247,-10,Aditya_2018-08-16_2324_247,1,,,,
57,101910.82802547769,0.0,104299.36305732484,0.001256,fm1,0.021181558669336176,0.055328369140625,0.001256,1582.2784810126584,106829.18085678435,0.001256,107008.42444882596,0.023572,cf1,0.05188297343648795,0.107818603515625,0.022316,89.60573476702507,102240.8963585434,0.023572,104341.73669467786,0.025,fm2,0.010551438258127072,0.027496337890625,0.001428,1396.6480446927374,segment_matching_annotaudio_Aditya_2018-08-16_2324_248,-10,Aditya_2018-08-16_2324_248,1,,,,
58,96989.96655518394,0.00112,103678.92976588626,0.002316,fm1,0.009437072859517885,0.018341064453125,0.001196,1666.666666666667,105124.70771628997,0.002316,105368.27747466876,0.022844,cf1,0.02384870014725295,0.047882080078125,0.020528,97.38994935722631,92764.3784786642,0.022844,105287.56957328386,0.025,fm2,0.021042700056050582,0.046173095703125,0.002156,925.9259259259261,segment_matching_annotaudio_Aditya_2018-08-16_2324_253,-10,Aditya_2018-08-16_2324_253,1,,,,
59,101415.09433962264,0.001984,106132.07547169813,0.002408,fm1,0.0073563847090421875,0.015594482421875,0.000424,4629.62962962963,106196.12068965516,0.002408,106357.75862068962,0.020968,cf1,0.02333804602325496,0.048614501953125,0.01856,107.7121930202499,98505.43478260867,0.020968,103940.21739130435,0.02244,fm2,0.009841256011657508,0.024200439453125,0.001472,1351.3513513513512,segment_matching_annotaudio_Aditya_2018-08-16_2324_254,-10,Aditya_2018-08-16_2324_254,1,,,,
60,93661.97183098592,0.0,104225.35211267606,0.0014199999999999998,fm1,0.07511302553036972,0.148651123046875,0.0014199999999999998,1404.4943820224719,107082.7489481066,0.0014199999999999998,107433.38008415149,0.01568,cf1,0.06286311081841457,0.119354248046875,0.01426,140.21312394840157,91810.34482758619,0.01568,106465.51724137932,0.018000000000000002,fm2,0.04615602198261616,0.141632080078125,0.00232,859.1065292096221,segment_matching_annotaudio_Aditya_2018-08-16_2324_255,-10,Aditya_2018-08-16_2324_255,1,,,,
61,103860.29411764706,0.0,105238.97058823529,0.002176,fm1,0.03461510618852151,0.116607666015625,0.002176,915.7509157509156,107111.35611907387,0.002176,107331.86328555677,0.020316,cf1,0.11670379780940066,0.199554443359375,0.01814,110.22927689594357,103919.23990498815,0.020316,104513.06413301664,0.022000000000000002,fm2,0.04211108052480562,0.117034912109375,0.001684,1184.8341232227488,segment_matching_annotaudio_Aditya_2018-08-16_2324_256,-10,Aditya_2018-08-16_2324_256,1,,,,
62,,,,,,,,,,106101.59302675084,0.000708,106289.44995491435,0.027324,cf1,0.035778641442232584,0.076995849609375,0.026616,75.12019230769229,95730.02754820936,0.027324,103994.49035812671,0.028776,fm1,0.00982435591154917,0.024566650390625,0.001452,1373.6263736263734,segment_matching_annotaudio_Aditya_2018-08-16_2324_280,-10,Aditya_2018-08-16_2324_280,1,,,,
63,94327.17678100264,0.0,102902.37467018471,0.001516,fm1,0.006949776172436587,0.016265869140625,0.001516,1315.7894736842104,103296.55897031787,0.001516,103362.22747570266,0.016744,cf1,0.019827964883516163,0.040252685546875,0.015228,131.30252100840335,89982.26950354611,0.016744,104609.9290780142,0.019,fm2,0.0066672278654270655,0.023223876953125,0.0022559999999999998,883.3922261484099,segment_matching_annotaudio_Aditya_2018-08-16_2324_285,-10,Aditya_2018-08-16_2324_285,1,,,,
64,30241.935483870966,0.000784,106854.83870967741,0.00128,fm1,0.002380617190529541,0.007171630859375,0.000496,3968.2539682539677,106075.02038597444,0.00128,106210.92688230496,0.015996,cf1,0.01548911438044266,0.034759521484375,0.014716,135.8695652173913,96000.0,0.015996,104000.0,0.016996,fm2,0.010960363265620877,0.023101806640625,0.001,1984.1269841269839,segment_matching_annotaudio_Aditya_2018-08-16_2324_288,-10,Aditya_2018-08-16_2324_288,1,,,,
65,97222.22222222223,0.0,103009.25925925926,0.0017280000000000002,fm1,0.01815427807548604,0.039764404296875,0.0017280000000000002,1152.073732718894,104827.48334493386,0.0017280000000000002,104877.19996022672,0.041956,cf1,0.03681569898315167,0.100921630859375,0.040228,49.711672300656204,98976.10921501707,0.041956,96416.38225255975,0.043128,fm2,0.009119502677753166,0.021087646484375,0.001172,1700.6802721088434,segment_matching_annotaudio_Aditya_2018-08-16_2324_30,-10,Aditya_2018-08-16_2324_30,1,,,,
66,100657.8947368421,0.0,105263.15789473684,0.0015199999999999999,fm1,0.042160060600692335,0.141998291015625,0.0015199999999999999,1308.9005235602094,106382.97872340426,0.0015199999999999999,106587.56137479543,0.016184,cf1,0.16366463984040247,0.330963134765625,0.014663999999999998,136.31406761177755,88778.40909090909,0.016184,106534.09090909091,0.019,fm2,0.10194026209792098,0.256927490234375,0.002816,708.2152974504248,segment_matching_annotaudio_Aditya_2018-08-16_2324_31,-10,Aditya_2018-08-16_2324_31,2,,,,
67,96323.52941176473,0.0,101470.58823529413,0.0013599999999999999,fm1,0.16723210209461226,0.384185791015625,0.0013599999999999999,1461.9883040935672,106134.03489338137,0.0013599999999999999,106341.73359180283,0.015804,cf1,0.48239657651640294,0.863128662109375,0.014444,138.42746400885937,100334.44816053512,0.015804,103678.92976588626,0.017,fm2,0.1598700461943834,0.399810791015625,0.001196,1666.666666666667,segment_matching_annotaudio_Aditya_2018-08-16_2324_41,-10,Aditya_2018-08-16_2324_41,2,,,,
68,103040.54054054053,0.001472,104729.72972972973,0.002064,fm1,0.006350813891197986,0.016265869140625,0.000592,3333.333333333333,106309.10165484637,0.002064,106419.91725768322,0.029136000000000002,cf1,0.01972582394942636,0.044342041015625,0.027072000000000002,73.85524372230428,98118.27956989247,0.029136000000000002,106182.79569892476,0.030624000000000002,fm2,0.009989449477792482,0.028350830078125,0.0014880000000000002,1336.8983957219252,segment_matching_annotaudio_Aditya_2018-08-16_2324_55,-10,Aditya_2018-08-16_2324_55,1,,,,
69,97378.27715355807,0.000436,103932.58426966293,0.002572,fm1,0.016239001707134357,0.047882080078125,0.002136,932.8358208955223,106170.25328508856,0.002572,106360.693201295,0.023576,cf1,0.03184095427789821,0.067535400390625,0.021004,95.20182787509519,100806.4516129032,0.023576,102822.58064516127,0.024072,fm2,0.009091851201329154,0.020660400390625,0.000496,3968.2539682539677,segment_matching_annotaudio_Aditya_2018-08-16_2324_56,-10,Aditya_2018-08-16_2324_56,1,,,,
70,95776.03143418467,0.00045599999999999997,105108.0550098232,0.0024920000000000003,fm1,0.01066623662328694,0.022491455078125,0.002036,980.3921568627452,107778.09147374364,0.0024920000000000003,107989.8362507058,0.016659999999999998,cf1,0.016616351580445568,0.037872314453125,0.014168,141.08352144469524,89743.58974358975,0.016659999999999998,95299.1452991453,0.019,fm2,0.013361478005473049,0.039459228515625,0.00234,853.2423208191126,segment_matching_annotaudio_Aditya_2018-08-16_2324_59,-10,Aditya_2018-08-16_2324_59,3,,,,
71,93707.25034199726,0.000536,104651.16279069765,0.00346,fm1,0.022332175914760256,0.066741943359375,0.002924,683.0601092896175,106611.9441571872,0.00346,106805.84281282319,0.034404000000000004,cf1,0.046841597951171834,0.096893310546875,0.030944,64.61617989144482,102850.53929121727,0.034404000000000004,106702.61941448382,0.037000000000000005,fm2,0.0204659407899206,0.055938720703125,0.0025960000000000002,769.2307692307692,segment_matching_annotaudio_Aditya_2018-08-16_2324_62,-10,Aditya_2018-08-16_2324_62,1,,,,
72,101993.86503067485,0.00045999999999999996,105828.22085889573,0.0017640000000000002,fm1,0.008837409918437188,0.027801513671875,0.0013039999999999998,1524.3902439024394,105682.11234791613,0.0017640000000000002,105940.97851410821,0.017216,cf1,0.03133634204510808,0.058624267578125,0.015452,129.39958592132504,85201.79372197308,0.017216,103699.55156950672,0.019,fm2,0.02967868014819597,0.082550048828125,0.001784,1116.0714285714287,segment_matching_annotaudio_Aditya_2018-08-16_2324_69,-10,Aditya_2018-08-16_2324_69,1,,,,
73,93883.3570412518,0.0,106330.01422475108,0.0028120000000000003,fm1,0.08170286821703612,0.188079833984375,0.0028120000000000003,710.2272727272727,107065.65793028912,0.0028120000000000003,107403.40448527424,0.017616,cf1,0.1537587316165711,0.296600341796875,0.014804,135.06212857914642,88087.24832214766,0.017616,106124.16107382553,0.02,fm2,0.10280555795542913,0.186126708984375,0.002384,836.1204013377927,segment_matching_annotaudio_Aditya_2018-08-16_2324_7,-10,Aditya_2018-08-16_2324_7,2,,,,
74,103326.6129032258,0.0,104334.67741935485,0.001984,fm1,0.03465604512061366,0.099151611328125,0.001984,1004.016064257028,105437.66578249338,0.001984,106100.79575596817,0.005,cf1,0.07902607326432172,0.134979248046875,0.003016,661.3756613756614,,,,,,,,,,segment_matching_annotaudio_Aditya_2018-08-16_2324_72,-10,Aditya_2018-08-16_2324_72,1,,,,
75,98140.4958677686,0.0,102272.72727272726,0.001936,fm1,0.01542980732987483,0.044036865234375,0.001936,1028.80658436214,105049.81884057973,0.001936,105140.39855072463,0.046096,cf1,0.05876128554701016,0.120941162109375,0.044160000000000005,45.28165187466039,97689.0756302521,0.046096,103991.59663865546,0.048,fm2,0.018682299793366688,0.041717529296875,0.0019039999999999999,1046.0251046025103,segment_matching_annotaudio_Aditya_2018-08-16_2324_85,-10,Aditya_2018-08-16_2324_85,1,,,,
76,97122.30215827339,0.0,107014.38848920864,0.001112,fm1,0.032300718968070866,0.060272216796875,0.001112,1785.7142857142858,108052.61957265607,0.001112,108128.6594175348,0.053716,cf1,0.13149735284872274,0.331268310546875,0.052604,38.01703163017032,103260.8695652174,0.053716,106366.4596273292,0.055004,fm2,0.014493498198388485,0.038482666015625,0.001288,1543.20987654321,segment_matching_annotaudio_Aditya_2018-08-16_2324_88,-10,Aditya_2018-08-16_2324_88,1,,,,
77,99005.42495479203,0.0,103526.2206148282,0.002212,fm1,0.0705028419581611,0.183990478515625,0.002212,902.5270758122743,105705.14529458813,0.002212,106105.0386563583,0.017216,cf1,0.13183139323894316,0.253509521484375,0.015004,133.26226012793177,94109.19540229882,0.017216,103089.08045977012,0.02,fm2,0.04808731146115011,0.135101318359375,0.002784,716.3323782234958,segment_matching_annotaudio_Aditya_2018-08-16_2324_91,-10,Aditya_2018-08-16_2324_91,1,,,,
78,91900.31152647977,0.00042800000000000005,94626.16822429906,0.002996,fm1,0.013357691959471618,0.033721923828125,0.002568,776.3975155279503,104797.70064116736,0.002996,104963.51978775149,0.021088,cf1,0.0380051167906034,0.093475341796875,0.018092,110.52166224580016,87225.27472527474,0.021088,95123.62637362641,0.024,fm2,0.025957629652740517,0.071502685546875,0.002912,684.931506849315,segment_matching_annotaudio_Aditya_2018-08-16_2324_95,-10,Aditya_2018-08-16_2324_95,1,,,,
79,96741.34419551934,0.000528,102342.15885947047,0.0024920000000000003,fm1,0.0037726885753987813,0.010467529296875,0.001964,1016.260162601626,103841.59589176378,0.0024920000000000003,103940.35157021528,0.022744,cf1,0.018068156517078462,0.040435791015625,0.020252000000000003,98.73617693522907,90425.53191489364,0.022744,101950.3546099291,0.025,fm2,0.006323862407073736,0.017730712890625,0.0022559999999999998,883.3922261484099,segment_matching_annotaudio_Aditya_2018-08-17_01_76,-10,Aditya_2018-08-17_01_76,1,,,,
80,,,,,,,,,,104111.40583554377,0.001228,104206.13868889732,0.011784000000000001,cf1,0.01891064988745286,0.048858642578125,0.010556,189.3939393939394,87093.86281588447,0.011784000000000001,91606.49819494585,0.013999999999999999,fm1,0.022449165571103817,0.049835205078125,0.002216,899.2805755395682,segment_matching_annotaudio_Aditya_2018-08-17_01_78,-10,Aditya_2018-08-17_01_78,1,,,,
81,14705.882352941177,0.002364,14705.882352941177,0.0025,fm1,0.008756480566936406,0.014129638671875,0.000136,13888.888888888889,102783.10940499043,0.0025,102975.04798464492,0.01292,cf1,0.017018905246850406,0.034759521484375,0.01042,191.8649270913277,89423.07692307694,0.01292,100000.0,0.015,fm2,0.019452124756419137,0.050872802734375,0.0020800000000000003,957.8544061302682,segment_matching_annotaudio_Aditya_2018-08-17_01_79,-10,Aditya_2018-08-17_01_79,1,,,,
82,94922.73730684326,0.0,101545.25386313463,0.001812,fm1,0.05638207468176661,0.127349853515625,0.001812,1101.3215859030836,102337.16475095788,0.001812,102720.30651340996,0.027912,cf1,0.07627852028145576,0.187835693359375,0.0261,76.61661048115229,90517.24137931038,0.027912,101053.6398467433,0.03,fm2,0.01692668838866581,0.050079345703125,0.002088,954.1984732824428,segment_matching_annotaudio_Aditya_2018-08-17_01_82,-10,Aditya_2018-08-17_01_82,1,,,,
83,88323.35329341321,0.0,90718.56287425153,0.0033399999999999997,fm1,0.1074605465931029,0.239593505859375,0.0033399999999999997,598.0861244019137,101896.36752136752,0.0033399999999999997,102029.91452991453,0.018316,cf1,0.2572224804419516,0.454193115234375,0.014976,133.47570742124933,85692.99552906111,0.018316,100223.54694485843,0.021,fm2,0.11384865373957682,0.285980224609375,0.002684,744.047619047619,segment_matching_annotaudio_Aditya_2018-08-17_01_83,-10,Aditya_2018-08-17_01_83,1,,,,
84,91292.13483146069,0.0002,101825.84269662922,0.0016239999999999998,fm1,0.00841612454825017,0.021697998046875,0.001424,1396.6480446927374,102909.33694181324,0.0016239999999999998,102571.04194857916,0.016404,cf1,0.019091538034017464,0.039703369140625,0.014780000000000001,135.2813852813853,86907.44920993228,0.016404,101015.8013544018,0.018175999999999998,fm2,0.007608170379371563,0.019073486328125,0.001772,1126.1261261261259,segment_matching_annotaudio_Aditya_2018-08-17_12_103,-10,Aditya_2018-08-17_12_103,1,,,,
85,,,,,,,,,,105917.4684131216,0.000484,106178.27750086936,0.034992,cf1,0.03492647385049266,0.073699951171875,0.034508,57.95085767269356,94594.59459459462,0.034992,104729.72972972973,0.03588,fm1,0.015946213638122382,0.030303955078125,0.0008880000000000001,2232.1428571428573,segment_matching_annotaudio_Aditya_2018-08-17_12_104,-10,Aditya_2018-08-17_12_104,1,,,,
86,95762.7118644068,0.000356,109322.03389830508,0.001536,fm1,0.0230646054125475,0.043121337890625,0.00118,1689.1891891891892,111851.48623450696,0.001536,111878.90753537348,0.038004,cf1,0.06250971727704928,0.153289794921875,0.036468,54.83658697082694,95138.88888888886,0.038004,108333.33333333331,0.039444,fm2,0.050837579280161034,0.104339599609375,0.00144,1381.21546961326,segment_matching_annotaudio_Aditya_2018-08-17_12_116,-10,Aditya_2018-08-17_12_116,1,,,,
87,108974.35897435898,0.000452,109890.1098901099,0.001544,fm1,0.012273646234147709,0.031890869140625,0.001092,1824.8175182481752,111922.59675405743,0.001544,112047.44069912608,0.017564,cf1,0.031944916192247784,0.059417724609375,0.01602,124.81278082875687,108303.24909747293,0.017564,109205.7761732852,0.018672,fm2,0.013500080201784156,0.037200927734375,0.001108,1798.5611510791364,segment_matching_annotaudio_Aditya_2018-08-17_12_118,-10,Aditya_2018-08-17_12_118,1,,,,
88,91560.50955414012,0.0005480000000000001,97133.75796178344,0.0018039999999999998,fm1,0.007926755773562699,0.018035888671875,0.001256,1582.2784810126584,104205.60747663553,0.0018920000000000002,104322.42990654203,0.019012,cf1,0.024119826808264033,0.049957275390625,0.01712,116.76786548341896,88400.9009009009,0.019012,95720.72072072072,0.020788,fm2,0.025831839020810737,0.059722900390625,0.0017760000000000002,1121.0762331838564,segment_matching_annotaudio_Aditya_2018-08-17_12_15,-10,Aditya_2018-08-17_12_15,1,,,,
89,93639.57597173145,0.000768,101590.10600706712,0.0019,fm1,0.011071534840955084,0.021453857421875,0.001132,1760.5633802816901,102248.27882960413,0.0019,102355.85197934596,0.020492,cf1,0.03285548715612103,0.067596435546875,0.018591999999999997,107.52688172043013,82228.11671087533,0.020492,95159.15119363397,0.023508,fm2,0.04031241104447055,0.093414306640625,0.003016,661.3756613756614,segment_matching_annotaudio_Aditya_2018-08-17_12_16,-10,Aditya_2018-08-17_12_16,1,,,,
90,107142.85714285713,0.000708,108843.53741496599,0.001296,fm1,0.02047356206683772,0.035369873046875,0.000588,3378.3783783783783,111058.32480631486,0.001296,111094.8691711738,0.02866,cf1,0.06254015058047951,0.118316650390625,0.027364,73.0780473545747,104395.6043956044,0.02866,108974.35897435898,0.029751999999999997,fm2,0.01963582747865434,0.036224365234375,0.001092,1824.8175182481752,segment_matching_annotaudio_Aditya_2018-08-17_12_2,-10,Aditya_2018-08-17_12_2,2,,,,
91,98979.59183673467,0.000572,105102.04081632654,0.001552,fm1,0.04301762521552932,0.074920654296875,0.00098,2032.520325203252,104717.22475682189,0.001552,104781.78531462511,0.04802,cf1,0.17937346104569954,0.360382080078125,0.046468,43.0366672404889,99480.96885813148,0.04802,103806.22837370244,0.049176,fm2,0.03781642261095925,0.068878173828125,0.0011560000000000001,1724.1379310344828,segment_matching_annotaudio_Aditya_2018-08-17_12_21,-10,Aditya_2018-08-17_12_21,1,,,,
92,,,,,,,,,,102237.85166240412,0.000596,102301.79028132994,0.016236,cf1,0.022137646685688645,0.046051025390625,0.01564,127.81186094069531,94462.54071661238,0.016236,102605.8631921824,0.017464,fm1,0.012567231405211904,0.028656005859375,0.001228,1623.3766233766235,segment_matching_annotaudio_Aditya_2018-08-17_12_28,-10,Aditya_2018-08-17_12_28,2,,,,
93,97074.4680851064,0.000776,101063.82978723405,0.0015279999999999998,fm1,0.004980889908509784,0.011505126953125,0.000752,2631.578947368421,102471.67868177137,0.0015279999999999998,102528.89346607162,0.036483999999999996,cf1,0.018171080340258744,0.037445068359375,0.034956,57.20823798627003,91412.74238227148,0.036483999999999996,99722.99168975068,0.037927999999999996,fm2,0.00806807068487008,0.019378662109375,0.001444,1381.21546961326,segment_matching_annotaudio_Aditya_2018-08-17_12_29,-10,Aditya_2018-08-17_12_29,1,,,,
94,95360.82474226804,0.000524,101374.5704467354,0.0016879999999999998,fm1,0.012114239014888863,0.030975341796875,0.001164,1712.3287671232874,102189.24478401412,0.0016879999999999998,102042.31560387893,0.0153,cf1,0.02712479341559033,0.054534912109375,0.013612,146.88601645123384,85020.24291497974,0.0153,103744.93927125506,0.017276,fm2,0.011284851291661806,0.026153564453125,0.0019760000000000003,1008.0645161290324,segment_matching_annotaudio_Aditya_2018-08-17_12_33,-10,Aditya_2018-08-17_12_33,1,,,,
95,97440.94488188977,9.6e-05,102362.20472440946,0.001112,fm1,0.015776780066737217,0.029754638671875,0.001016,1953.125,104583.33333333331,0.001112,104750.0,0.049112,cf1,0.0312972121434011,0.078033447265625,0.048,41.65972337943676,95394.73684210527,0.049112,101151.3157894737,0.050328,fm2,0.006870385545276735,0.015594482421875,0.001216,1633.9869281045749,segment_matching_annotaudio_Aditya_2018-08-17_12_39,-10,Aditya_2018-08-17_12_39,2,,,,
96,97413.79310344828,0.001016,103448.27586206897,0.002176,fm1,0.007524660379554437,0.016021728515625,0.00116,1712.3287671232874,104674.79674796748,0.002176,104747.38675958187,0.015952,cf1,0.025883168561744545,0.051483154296875,0.013775999999999998,145.09576320371445,94430.9927360775,0.015952,105326.87651331721,0.017603999999999998,fm2,0.017158025327699937,0.036712646484375,0.001652,1207.729468599034,segment_matching_annotaudio_Aditya_2018-08-17_12_4,-10,Aditya_2018-08-17_12_4,1,,,,
97,93982.16939078752,0.0,102526.0029717682,0.0026920000000000004,fm1,0.012042402283085864,0.028533935546875,0.0026920000000000004,741.8397626112759,103105.16383599244,0.0026920000000000004,103276.7198490307,0.026008,cf1,0.02817527511354518,0.069549560546875,0.023316,85.76329331046313,94758.06451612904,0.026008,98790.32258064515,0.027000000000000003,fm2,0.005571200729842817,0.013336181640625,0.000992,2000.0,segment_matching_annotaudio_Aditya_2018-08-17_12_44,-10,Aditya_2018-08-17_12_44,1,,,,
98,97689.0756302521,0.0,103466.38655462186,0.0019039999999999999,fm1,0.008102316174259253,0.020538330078125,0.0019039999999999999,1046.0251046025103,104646.73395543707,0.0019039999999999999,104837.17387164349,0.022908,cf1,0.023390501607160986,0.049285888671875,0.021004,95.20182787509519,97426.47058823529,0.022908,102941.17647058824,0.023996,fm2,0.006006004955656332,0.013092041015625,0.001088,1824.8175182481752,segment_matching_annotaudio_Aditya_2018-08-17_12_50,-10,Aditya_2018-08-17_12_50,1,,,,
99,94758.06451612904,0.000872,98790.32258064515,0.001864,fm1,0.039764568621374966,0.066009521484375,0.000992,2000.0,104572.78192749133,0.001864,104709.41883767533,0.023819999999999997,cf1,0.11503116064631905,0.221893310546875,0.021956,91.07468123861568,90144.23076923077,0.023819999999999997,97355.76923076923,0.025484,fm2,0.07559140497339696,0.161895751953125,0.0016640000000000001,1196.1722488038274,segment_matching_annotaudio_Aditya_2018-08-17_12_53,-10,Aditya_2018-08-17_12_53,2,,,,
100,92857.14285714287,0.000412,102380.9523809524,0.002092,fm1,0.008792605518533163,0.020904541015625,0.00168,1184.8341232227488,104924.68134414832,0.002092,105040.55619930476,0.019352,cf1,0.016545434830301495,0.037139892578125,0.01726,115.84800741427247,89211.6182572614,0.019352,104771.78423236514,0.02128,fm2,0.0058744972091020605,0.016693115234375,0.001928,1033.0578512396694,segment_matching_annotaudio_Aditya_2018-08-17_12_68,-10,Aditya_2018-08-17_12_68,2,,,,
101,,,,,,,,,,104633.8559237944,0.000604,104633.8559237944,0.02076,cf1,0.019810322018456915,0.043670654296875,0.020156,99.2063492063492,93442.62295081967,0.02076,103278.68852459015,0.02198,fm1,0.01087074851786497,0.025238037109375,0.00122,1633.9869281045749,segment_matching_annotaudio_Aditya_2018-08-17_12_71,-10,Aditya_2018-08-17_12_71,1,,,,
102,92715.23178807946,0.00082,95474.6136865342,0.0026320000000000002,fm1,0.004957930117189586,0.012969970703125,0.001812,1101.3215859030836,103884.16455987131,0.0026320000000000002,104056.53872672947,0.020036,cf1,0.014825532601423325,0.037261962890625,0.017404,114.88970588235294,94279.66101694916,0.020036,103813.5593220339,0.020980000000000002,fm2,0.005239407968671969,0.011505126953125,0.000944,2100.840336134454,segment_matching_annotaudio_Aditya_2018-08-17_12_73,-10,Aditya_2018-08-17_12_73,1,,,,
103,,,,,,,,,,105582.24662548616,0.0008640000000000001,105696.63692518877,0.018348,cf1,0.03693792134492361,0.077606201171875,0.017484,114.3641354071363,90109.89010989011,0.018348,103846.15384615387,0.020168000000000002,fm1,0.020467508326138587,0.046844482421875,0.00182,1096.4912280701753,segment_matching_annotaudio_Aditya_2018-08-17_12_74,-10,Aditya_2018-08-17_12_74,1,,,,
104,,,,,,,,,,104369.64865662828,0.00078,104443.4602893416,0.014328,cf1,0.01908626662481351,0.043609619140625,0.013548,147.5796930342385,96153.84615384617,0.014328,101214.57489878543,0.015316,fm1,0.009493277075000792,0.023773193359375,0.0009880000000000002,2016.1290322580649,segment_matching_annotaudio_Aditya_2018-08-17_12_75,-10,Aditya_2018-08-17_12_75,1,,,,
105,,,,,,,,,,107364.5261398902,0.001224,107543.56648364764,0.01798,cf1,0.07484816739076175,0.158599853515625,0.016756,119.33174224343675,98178.13765182186,0.01798,105769.23076923078,0.019956,fm1,0.031206397801970782,0.072235107421875,0.0019760000000000003,1008.0645161290324,segment_matching_annotaudio_Aditya_2018-08-17_12_77,-10,Aditya_2018-08-17_12_77,2,,,,
106,90625.0,0.00086,98958.33333333334,0.00278,fm1,0.030772224529553083,0.065399169921875,0.0019199999999999998,1037.344398340249,105349.8985801217,0.00278,105434.41514536849,0.026444,cf1,0.08198699313771829,0.171600341796875,0.023663999999999998,84.48800270361609,90154.86725663717,0.026444,105088.49557522123,0.028252,fm2,0.02918588592626968,0.052398681640625,0.001808,1101.3215859030836,segment_matching_annotaudio_Aditya_2018-08-17_12_79,-10,Aditya_2018-08-17_12_79,1,,,,
107,,,,,,,,,,104267.18938480096,0.000936,104417.9734620024,0.0142,cf1,0.03281328713273662,0.062042236328125,0.013263999999999998,150.69318866787222,93232.04419889503,0.0142,102900.55248618784,0.015648,fm1,0.018109780470081664,0.041046142578125,0.001448,1373.6263736263734,segment_matching_annotaudio_Aditya_2018-08-17_12_8,-10,Aditya_2018-08-17_12_8,1,,,,
108,100000.0,0.0,108928.57142857145,0.00112,fm1,0.02045729051686496,0.039093017578125,0.00112,1773.0496453900712,110967.94975036236,0.00112,110847.15735223064,0.025956,cf1,0.038083900472155235,0.088165283203125,0.024836,80.51529790660227,100360.57692307694,0.025956,109375.0,0.02762,fm2,0.016402664312363417,0.037506103515625,0.0016640000000000001,1196.1722488038274,segment_matching_annotaudio_Aditya_2018-08-17_12_80,-10,Aditya_2018-08-17_12_80,1,,,,
109,,,,,,,,,,103693.55259723312,0.0017239999999999998,103954.58104933439,0.017048,cf1,0.04661924948533445,0.114776611328125,0.015324,130.48016701461378,87448.5596707819,0.017048,95679.01234567902,0.018992,fm1,0.052554520938493235,0.118255615234375,0.0019440000000000002,1024.5901639344265,segment_matching_annotaudio_Aditya_2018-08-17_12_88,-10,Aditya_2018-08-17_12_88,1,,,,
110,98341.23222748814,0.00028,103870.458135861,0.0028120000000000003,fm1,0.01926291121754744,0.050140380859375,0.002532,788.6435331230284,106512.47717589773,0.0028120000000000003,106816.79853925745,0.015956,cf1,0.036171709926319115,0.064971923828125,0.013144,152.06812652068126,99449.68553459119,0.015956,105345.91194968554,0.0185,fm2,0.016917703571495562,0.040679931640625,0.0025440000000000003,783.6990595611286,segment_matching_annotaudio_Aditya_2018-08-17_34_1,-10,Aditya_2018-08-17_34_1,1,,,,
111,96652.26781857453,0.000892,107451.403887689,0.002744,fm1,0.14826127525404634,0.278472900390625,0.001852,1077.5862068965516,107663.71175293109,0.002744,108092.65084358024,0.016732,cf1,0.12231628433568173,0.323211669921875,0.013987999999999999,142.9388221841052,86419.75308641978,0.016732,94135.80246913582,0.019324,fm2,0.09141991859668612,0.201629638671875,0.002592,769.2307692307692,segment_matching_annotaudio_Aditya_2018-08-17_34_111,-10,Aditya_2018-08-17_34_111,1,,,,
112,95153.66430260047,0.0008880000000000001,104609.9290780142,0.0025800000000000003,fm1,0.007915221557768028,0.018402099609375,0.0016920000000000001,1179.245283018868,105073.05194805196,0.0025800000000000003,105154.2207792208,0.027219999999999998,cf1,0.02397207088835948,0.047027587890625,0.024640000000000002,81.14248620577735,91573.03370786515,0.027219999999999998,103932.58426966293,0.028999999999999998,fm2,0.02541712994724038,0.053070068359375,0.0017800000000000001,1121.0762331838564,segment_matching_annotaudio_Aditya_2018-08-17_34_12,-10,Aditya_2018-08-17_34_12,2,,,,
113,93398.87640449438,0.000816,102528.08988764042,0.00224,fm1,0.01440343561832298,0.031463623046875,0.001424,1396.6480446927374,104423.44563133387,0.00224,104628.86880306766,0.016844,cf1,0.04375795314590241,0.097625732421875,0.014603999999999999,136.91128148959476,91295.1167728238,0.016844,102441.61358811043,0.018728,fm2,0.02097019323712488,0.048980712890625,0.001884,1059.322033898305,segment_matching_annotaudio_Aditya_2018-08-17_34_120,-10,Aditya_2018-08-17_34_120,1,,,,
114,99358.97435897436,0.0009519999999999999,102564.10256410256,0.001888,fm1,0.009306829907682218,0.021942138671875,0.000936,2118.64406779661,103792.48411163305,0.001888,103965.1837524178,0.03084,cf1,0.031550348388890745,0.072906494140625,0.028952,69.06077348066299,91538.46153846156,0.03084,100000.0,0.032139999999999995,fm2,0.006950743431395881,0.016204833984375,0.0013,1533.7423312883434,segment_matching_annotaudio_Aditya_2018-08-17_34_132,-10,Aditya_2018-08-17_34_132,1,,,,
115,95788.04347826086,0.0,99864.1304347826,0.001472,fm1,0.005019138296922352,0.011749267578125,0.001472,1351.3513513513512,104847.20758693363,0.001472,104997.74198404336,0.028044,cf1,0.013635813469170498,0.033172607421875,0.026572000000000002,75.25586995785672,91292.13483146069,0.028044,99016.85393258427,0.029468,fm2,0.005809632622814504,0.015472412109375,0.001424,1396.6480446927374,segment_matching_annotaudio_Aditya_2018-08-17_34_133,-10,Aditya_2018-08-17_34_133,2,,,,
116,93676.8149882904,0.00047599999999999997,104800.9367681499,0.002184,fm1,0.08753814757228623,0.151214599609375,0.0017079999999999999,1168.2242990654206,107269.5035460993,0.002184,107405.89198036007,0.016848,cf1,0.09721881068787903,0.193511962890625,0.014663999999999998,136.31406761177755,87438.42364532019,0.016848,105500.8210180624,0.019284,fm2,0.06030502879733739,0.137725830078125,0.002436,819.672131147541,segment_matching_annotaudio_Aditya_2018-08-17_34_134,-10,Aditya_2018-08-17_34_134,1,,,,
117,,,,,,,,,,103310.13272903854,0.0,103471.99741016512,0.024712,cf1,0.014014003108010169,0.030731201171875,0.024712,80.90614886731392,92391.3043478261,0.024712,98602.4844720497,0.026000000000000002,fm1,0.008357292612232194,0.018402099609375,0.001288,1543.20987654321,segment_matching_annotaudio_Aditya_2018-08-17_34_142,-10,Aditya_2018-08-17_34_142,1,,,,
118,93434.34343434343,0.000772,104166.66666666669,0.002356,fm1,0.04716867420883106,0.091766357421875,0.001584,1256.2814070351758,105555.55555555556,0.002356,105867.08203530636,0.021616,cf1,0.09945475712450008,0.215118408203125,0.01926,103.82059800664452,89160.83916083918,0.021616,101398.6013986014,0.023332,fm2,0.08765844060474183,0.148162841796875,0.001716,1162.7906976744189,segment_matching_annotaudio_Aditya_2018-08-17_34_144,-10,Aditya_2018-08-17_34_144,1,,,,
119,97799.511002445,0.00047999999999999996,102689.48655256725,0.002116,fm1,0.01837097103244812,0.046478271484375,0.0016359999999999999,1219.5121951219512,104526.74897119342,0.002116,104595.33607681756,0.016696000000000003,cf1,0.055578356287557834,0.103607177734375,0.014580000000000001,137.13658804168952,98333.33333333331,0.016696000000000003,102777.77777777777,0.018496000000000002,fm2,0.020100045024612892,0.053192138671875,0.0018,1106.1946902654868,segment_matching_annotaudio_Aditya_2018-08-17_34_147,-10,Aditya_2018-08-17_34_147,1,,,,
120,,,,,,,,,,105128.85940290893,0.0009199999999999999,105384.02653738199,0.016596,cf1,0.019431770232638423,0.046539306640625,0.015676,127.55102040816328,91755.31914893618,0.016596,95744.68085106382,0.018852,fm1,0.00820016857608998,0.022613525390625,0.0022559999999999998,883.3922261484099,segment_matching_annotaudio_Aditya_2018-08-17_34_149,-10,Aditya_2018-08-17_34_149,2,,,,
121,94919.78609625668,0.000144,102272.72727272726,0.00164,fm1,0.018216892431777584,0.042572021484375,0.0014960000000000002,1329.7872340425529,104772.47502774696,0.00164,104994.45061043288,0.01966,cf1,0.05098414885406818,0.096038818359375,0.018019999999999998,110.96316023080335,92052.31388329981,0.01966,102615.69416498997,0.021648,fm2,0.025906650176248974,0.053558349609375,0.0019879999999999997,1004.016064257028,segment_matching_annotaudio_Aditya_2018-08-17_34_151,-10,Aditya_2018-08-17_34_151,2,,,,
122,,,,,,,,,,105452.15456200688,5.6000000000000006e-05,105603.88428080114,0.019828,cf1,0.01793941541685289,0.043243408203125,0.019772,101.13268608414239,93003.41296928328,0.019828,96416.38225255975,0.021,fm1,0.013329349001855095,0.025238037109375,0.001172,1700.6802721088434,segment_matching_annotaudio_Aditya_2018-08-17_34_158,-10,Aditya_2018-08-17_34_158,1,,,,
123,,,,,,,,,,105803.57142857145,0.00033999999999999997,106058.67346938775,0.01602,cf1,0.03930710589055781,0.073272705078125,0.01568,127.48597654258032,90404.0404040404,0.01602,103535.35353535354,0.018000000000000002,fm1,0.027569733381128243,0.060028076171875,0.00198,1008.0645161290324,segment_matching_annotaudio_Aditya_2018-08-17_34_165,-10,Aditya_2018-08-17_34_165,1,,,,
124,90413.94335511983,0.000128,100762.52723311547,0.001964,fm1,0.06220525338554901,0.110687255859375,0.001836,1086.9565217391305,103181.65659438322,0.001964,103537.14895129755,0.013216,cf1,0.11002069969355258,0.184722900390625,0.011252,177.68301350390902,85814.36077057794,0.013216,98511.38353765324,0.0155,fm2,0.09543115016107907,0.195465087890625,0.002284,874.1258741258741,segment_matching_annotaudio_Aditya_2018-08-17_34_168,-10,Aditya_2018-08-17_34_168,2,,,,
125,93358.39598997496,0.000524,102756.89223057647,0.00212,fm1,0.11193189079438087,0.209503173828125,0.001596,1250.0,104212.86031042131,0.00212,104351.44124168516,0.016552,cf1,0.15933241193530856,0.295928955078125,0.014431999999999999,138.50415512465375,87807.6062639821,0.016552,104026.8456375839,0.018340000000000002,fm2,0.08086849941500368,0.167999267578125,0.0017879999999999999,1116.0714285714287,segment_matching_annotaudio_Aditya_2018-08-17_34_169,-10,Aditya_2018-08-17_34_169,1,,,,
126,98731.884057971,0.00022,105072.46376811594,0.001324,fm1,0.032318413429969106,0.067291259765625,0.001104,1798.5611510791364,104824.79177609364,0.001324,105143.6932542958,0.05463200000000001,cf1,0.0587752684467117,0.164764404296875,0.053308,37.51500600240096,98404.25531914894,0.05463200000000001,101063.82978723405,0.055008,fm2,0.010230995369576931,0.021881103515625,0.000376,5208.333333333333,segment_matching_annotaudio_Aditya_2018-08-17_34_18,-10,Aditya_2018-08-17_34_18,2,,,,
127,94650.20576131687,0.000328,97222.22222222225,0.0022719999999999997,fm1,0.03845284189930428,0.069732666015625,0.0019440000000000002,1024.5901639344265,105475.9898904802,0.0022719999999999997,105770.85088458301,0.026012,cf1,0.032206566212789015,0.071624755859375,0.02374,84.23180592991913,90472.02797202797,0.026012,98339.16083916085,0.0283,fm2,0.03205285350259083,0.082855224609375,0.002288,871.0801393728223,segment_matching_annotaudio_Aditya_2018-08-17_34_20,-10,Aditya_2018-08-17_34_20,2,,,,
128,,,,,,,,,,105094.56985967056,0.001164,105196.25788082163,0.020832,cf1,0.027907946874352985,0.055694580078125,0.019668,101.667344448963,93127.49003984065,0.020832,103087.64940239042,0.02284,fm1,0.01039210590814403,0.028228759765625,0.002008,992.0634920634919,segment_matching_annotaudio_Aditya_2018-08-17_34_201,-10,Aditya_2018-08-17_34_201,1,,,,
129,92821.78217821784,0.000308,100866.33663366336,0.001924,fm1,0.010588561610800023,0.026214599609375,0.001616,1231.5270935960589,102524.41057394617,0.001924,102643.48654441533,0.01872,cf1,0.023298979465400063,0.047943115234375,0.016796000000000002,119.04761904761904,86864.40677966103,0.01872,100635.59322033898,0.020608,fm2,0.010962577334062784,0.026947021484375,0.001888,1054.8523206751054,segment_matching_annotaudio_Aditya_2018-08-17_34_202,-10,Aditya_2018-08-17_34_202,1,,,,
130,97597.59759759762,0.00056,104354.35435435435,0.0018920000000000002,fm1,0.006889575705188385,0.019622802734375,0.001332,1497.005988023952,105086.58008658008,0.0018920000000000002,105194.8051948052,0.020372,cf1,0.03520745116184365,0.063140869140625,0.01848,108.1782778018174,93750.0,0.020372,105357.14285714287,0.022612,fm2,0.014567425919293466,0.039459228515625,0.00224,889.6797153024911,segment_matching_annotaudio_Aditya_2018-08-17_34_208,-10,Aditya_2018-08-17_34_208,1,,,,
131,98393.57429718877,0.0006320000000000001,104417.67068273094,0.001628,fm1,0.0333482444948781,0.069366455078125,0.0009960000000000001,2000.0,105251.08919972484,0.001628,105308.4155010319,0.019072,cf1,0.07819672001920533,0.152191162109375,0.017444,114.62631820265932,95774.64788732397,0.019072,104225.35211267606,0.020492,fm2,0.0268565985311326,0.061431884765625,0.0014199999999999998,1404.4943820224719,segment_matching_annotaudio_Aditya_2018-08-17_34_22,-10,Aditya_2018-08-17_34_22,2,,,,
132,98790.32258064515,0.0008320000000000001,102822.5806451613,0.00232,fm1,0.0435968786012608,0.098480224609375,0.0014880000000000002,1336.8983957219252,103658.53658536586,0.00232,103963.41463414633,0.01544,cf1,0.1048070553948298,0.178680419921875,0.01312,152.34613040828762,99056.60377358492,0.01544,100628.93081761006,0.017348,fm2,0.0398389783603802,0.100677490234375,0.0019079999999999998,1046.0251046025103,segment_matching_annotaudio_Aditya_2018-08-17_34_35,-10,Aditya_2018-08-17_34_35,1,,,,
133,94043.88714733542,0.0007440000000000001,104231.97492163008,0.00202,fm1,0.02234798545696989,0.053009033203125,0.001276,1562.5,105905.91884207807,0.00202,105970.53502196952,0.017496,cf1,0.08419061300137241,0.162322998046875,0.015475999999999998,129.19896640826875,93137.25490196078,0.017496,104166.66666666669,0.019128,fm2,0.03947168455039953,0.095367431640625,0.001632,1219.5121951219512,segment_matching_annotaudio_Aditya_2018-08-17_34_36,-10,Aditya_2018-08-17_34_36,2,,,,
134,98623.8532110092,0.000708,103784.40366972476,0.0024519999999999998,fm1,0.0143035502753613,0.038787841796875,0.001744,1141.552511415525,104668.47090663057,0.0024519999999999998,104939.10690121788,0.017232,cf1,0.05080152243491787,0.091888427734375,0.014780000000000001,135.2813852813853,94291.90751445084,0.017232,103684.97109826587,0.02,fm2,0.020388170609776102,0.059051513671875,0.002768,720.4610951008646,segment_matching_annotaudio_Aditya_2018-08-17_34_40,-10,Aditya_2018-08-17_34_40,3,,,,
135,95041.32231404957,0.000976,103994.49035812671,0.002428,fm1,0.033042572200461626,0.068878173828125,0.001452,1373.6263736263734,105208.33333333331,0.002428,105598.95833333331,0.048507999999999996,cf1,0.07765849267639277,0.205291748046875,0.04608,43.395243881270616,95477.38693467338,0.048507999999999996,105527.63819095476,0.049304,fm2,0.01667409851698042,0.037872314453125,0.000796,2500.0,segment_matching_annotaudio_Aditya_2018-08-17_34_41,-10,Aditya_2018-08-17_34_41,2,,,,
136,98837.20930232557,0.0,105481.72757475082,0.001204,fm1,0.07341140894892541,0.143951416015625,0.001204,1655.6291390728477,105407.27350063805,0.001204,105566.78009357721,0.03882,cf1,0.14974871740139326,0.281890869140625,0.037616000000000004,53.1575590048905,97789.11564625849,0.03882,102040.81632653062,0.039996,fm2,0.030920607853424827,0.072418212890625,0.001176,1689.1891891891892,segment_matching_annotaudio_Aditya_2018-08-17_34_49,-10,Aditya_2018-08-17_34_49,3,,,,
137,96217.10526315794,0.0,101151.3157894737,0.001216,fm1,0.017936237609782437,0.043792724609375,0.001216,1633.9869281045749,106234.70581976806,0.001216,106287.9029684009,0.038812,cf1,0.10803292358954446,0.236297607421875,0.037596,53.19148936170214,97315.43624161072,0.038812,102348.9932885906,0.040004000000000005,fm2,0.07459527095703311,0.154632568359375,0.001192,1666.666666666667,segment_matching_annotaudio_Aditya_2018-08-17_34_54,-10,Aditya_2018-08-17_34_54,1,,,,
138,93750.0,0.00056,102370.6896551724,0.002416,fm1,0.021368856693708648,0.045257568359375,0.0018559999999999998,1072.961373390558,104851.86191899973,0.002416,104987.76841533024,0.017131999999999998,cf1,0.04939698098884057,0.096954345703125,0.014716,135.8695652173913,90236.68639053254,0.017131999999999998,96646.94280078897,0.01916,fm2,0.019022896863509844,0.043060302734375,0.0020280000000000003,984.2519685039372,segment_matching_annotaudio_Aditya_2018-08-17_34_64,-10,Aditya_2018-08-17_34_64,1,,,,
139,97701.14942528737,0.00072,103448.27586206897,0.002112,fm1,0.00982702127537848,0.022125244140625,0.001392,1428.571428571429,105362.53776435043,0.002112,105513.59516616314,0.015352000000000001,cf1,0.02251855170871961,0.049163818359375,0.01324,150.96618357487924,85034.01360544219,0.015352000000000001,103401.36054421768,0.018292,fm2,0.01565886443752263,0.037261962890625,0.00294,679.3478260869565,segment_matching_annotaudio_Aditya_2018-08-17_34_69,-10,Aditya_2018-08-17_34_69,1,,,,
140,96654.27509293682,0.00028399999999999996,102230.48327137547,0.0013599999999999999,fm1,0.005719125676117967,0.012115478515625,0.001076,1851.8518518518522,104795.73712255774,0.0013599999999999999,105017.76198934279,0.019375999999999997,cf1,0.01426509616231868,0.037139892578125,0.018016,110.96316023080335,88619.40298507463,0.019375999999999997,105410.44776119402,0.021519999999999997,fm2,0.006417171937626071,0.016082763671875,0.002144,929.3680297397771,segment_matching_annotaudio_Aditya_2018-08-17_34_7,-10,Aditya_2018-08-17_34_7,2,,,,
141,100781.25,0.0009119999999999999,103906.25,0.0021920000000000004,fm1,0.02014389891960727,0.040557861328125,0.00128,1552.7950310559006,110759.49367088608,0.0021920000000000004,110897.08310401764,0.031264,cf1,0.038241253711293485,0.084197998046875,0.029072000000000004,68.7757909215956,100888.32487309644,0.031264,108502.538071066,0.03284,fm2,0.01980688586430577,0.046966552734375,0.001576,1262.6262626262626,segment_matching_annotaudio_Aditya_2018-08-17_34_77,-10,Aditya_2018-08-17_34_77,1,,,,
142,107746.47887323944,0.000572,109154.9295774648,0.0019920000000000003,fm1,0.007273712635398266,0.019195556640625,0.0014199999999999998,1404.4943820224719,110764.57509881424,0.0019920000000000003,110888.09288537553,0.034376,cf1,0.025625145422939918,0.062286376953125,0.032383999999999996,61.74364040503828,97338.93557422966,0.034376,108543.41736694676,0.035804,fm2,0.0084533296391726,0.018890380859375,0.001428,1396.6480446927374,segment_matching_annotaudio_Aditya_2018-08-17_34_78,-10,Aditya_2018-08-17_34_78,1,,,,
143,97305.38922155688,0.00020800000000000001,108532.93413173652,0.001544,fm1,0.018009967966307883,0.034698486328125,0.001336,1488.095238095238,110158.20149875103,0.001544,110366.36136552873,0.025564,cf1,0.034631096719684375,0.072967529296875,0.02402,83.25008325008325,97597.59759759762,0.025564,110360.36036036037,0.026895999999999996,fm2,0.016815619313584766,0.033721923828125,0.001332,1497.005988023952,segment_matching_annotaudio_Aditya_2018-08-17_34_79,-10,Aditya_2018-08-17_34_79,1,,,,
144,92342.34234234234,0.000292,101351.35135135136,0.000736,fm1,0.004308053012010886,0.010223388671875,0.00044400000000000006,4464.285714285715,103971.58540523089,0.000736,104052.308685825,0.013124,cf1,0.02059940575947745,0.041473388671875,0.012388,161.39444803098775,86353.94456289981,0.013124,103411.51385927506,0.015,fm2,0.024075559031472286,0.055572509765625,0.001876,1063.8297872340424,segment_matching_annotaudio_Aditya_2018-08-17_34_81,-10,Aditya_2018-08-17_34_81,1,,,,
145,33109.40499040308,0.00011599999999999999,36468.330134357006,0.0022,fm1,0.006567265928192784,0.022918701171875,0.002084,957.8544061302682,104853.72340425533,0.0022,105119.68085106382,0.017240000000000002,cf1,0.016927182823696246,0.043853759765625,0.015040000000000001,132.90802764486978,94562.64775413713,0.017240000000000002,103427.89598108748,0.018932,fm2,0.008143672063126552,0.018585205078125,0.0016920000000000001,1179.245283018868,segment_matching_annotaudio_Aditya_2018-08-17_45_348,-10,Aditya_2018-08-17_45_348,1,,,,
146,93657.81710914453,5.9999999999999995e-05,103244.8377581121,0.001416,fm1,0.007536364848212987,0.017303466796875,0.001356,1470.5882352941173,104287.60988555316,0.001416,104329.07613202854,0.025532,cf1,0.01834744137804667,0.043609619140625,0.024116,82.91873963515755,92069.89247311828,0.025532,102822.5806451613,0.02702,fm2,0.007327736587414619,0.015289306640625,0.0014880000000000002,1336.8983957219252,segment_matching_annotaudio_Aditya_2018-08-19_0120-0200_1,-10,Aditya_2018-08-19_0120-0200_1,1,,,,
147,97133.75796178344,0.001428,105891.71974522293,0.002684,fm1,0.09210221672501248,0.173736572265625,0.001256,1582.2784810126584,107904.64240903387,0.002684,108083.88600107547,0.025,cf1,0.1005893491284194,0.204254150390625,0.022316,89.60573476702507,92219.02017291066,0.025,105907.78097982708,0.026387999999999998,fm2,0.06465688977069176,0.110565185546875,0.0013880000000000001,1436.7816091954026,segment_matching_annotaudio_Aditya_2018-08-19_0120-0200_101,-10,Aditya_2018-08-19_0120-0200_101,1,,,,
148,92494.71458773784,0.000332,105708.24524312897,0.002224,fm1,0.016338447101947567,0.031463623046875,0.0018920000000000002,1054.8523206751054,106973.99527186762,0.002224,107003.5460992908,0.036064,cf1,0.028540062170366462,0.071929931640625,0.033839999999999995,59.0876861262113,90534.97942386832,0.036064,104938.27160493829,0.038008,fm2,0.014252925537199637,0.032135009765625,0.0019440000000000002,1024.5901639344265,segment_matching_annotaudio_Aditya_2018-08-19_0120-0200_104,-10,Aditya_2018-08-19_0120-0200_104,1,,,,
149,94855.30546623797,0.0,106913.18327974278,0.0012439999999999999,fm1,0.0059010065713990655,0.012542724609375,0.0012439999999999999,1602.5641025641025,107848.67306606435,0.0012439999999999999,107883.96386222473,0.029580000000000002,cf1,0.01510346788609146,0.034820556640625,0.028336,70.56167090036692,90029.76190476191,0.029580000000000002,106398.80952380953,0.030924,fm2,0.016250281839101214,0.034881591796875,0.001344,1479.2899408284025,segment_matching_annotaudio_Aditya_2018-08-19_0120-0200_105,-10,Aditya_2018-08-19_0120-0200_105,1,,,,
150,105140.18691588783,0.000608,123831.77570093457,0.001036,fm1,0.002836171344039544,0.006561279296875,0.00042800000000000005,4629.62962962963,108664.1852770885,0.001036,108715.88089330026,0.020380000000000002,cf1,0.012400619868664524,0.026702880859375,0.019344,103.34849111202976,94339.62264150943,0.020380000000000002,108490.56603773586,0.021652,fm2,0.011452707690089232,0.022857666015625,0.0012720000000000001,1562.5,segment_matching_annotaudio_Aditya_2018-08-19_0120-0200_106,-10,Aditya_2018-08-19_0120-0200_106,1,,,,
151,94145.56962025317,0.0,98892.40506329117,0.0012640000000000001,fm1,0.032651452629709386,0.066741943359375,0.0012640000000000001,1572.3270440251572,107868.8524590164,0.0012640000000000001,108032.78688524589,0.019563999999999998,cf1,0.01782447250732372,0.037506103515625,0.0183,109.26573426573427,89743.58974358975,0.019563999999999998,107371.79487179489,0.020812,fm2,0.03282599030654055,0.097137451171875,0.001248,1592.3566878980894,segment_matching_annotaudio_Aditya_2018-08-19_0120-0200_107,-10,Aditya_2018-08-19_0120-0200_107,1,,,,
152,103711.7903930131,6.8e-05,108078.60262008736,0.000984,fm1,0.008539809889001673,0.017120361328125,0.000916,2173.913043478261,107946.16519174042,0.000984,107969.21091445428,0.044376,cf1,0.02488186070128803,0.049041748046875,0.043392,46.08294930875576,93965.51724137932,0.044376,105172.41379310343,0.045536,fm2,0.006260128795643507,0.014373779296875,0.00116,1712.3287671232874,segment_matching_annotaudio_Aditya_2018-08-19_0120-0200_109,-10,Aditya_2018-08-19_0120-0200_109,1,,,,
153,,,,,,,,,,107297.29729729732,0.001556,107387.3873873874,0.012656,cf1,0.026728947508369398,0.053497314453125,0.0111,180.11527377521614,90525.32833020641,0.012656,104596.62288930584,0.014787999999999999,fm1,0.019218148366306496,0.045623779296875,0.002132,936.3295880149813,segment_matching_annotaudio_Aditya_2018-08-19_0120-0200_113,-10,Aditya_2018-08-19_0120-0200_113,1,,,,
154,94758.06451612904,0.000904,101478.49462365592,0.002392,fm1,0.011658134467929814,0.029388427734375,0.0014880000000000002,1336.8983957219252,105331.2629399586,0.002392,105460.66252587992,0.017848,cf1,0.03944808650852458,0.076751708984375,0.015456000000000001,129.33264355923436,96604.21545667447,0.017848,104215.45667447307,0.019556,fm2,0.023898723542500784,0.053924560546875,0.0017079999999999999,1168.2242990654206,segment_matching_annotaudio_Aditya_2018-08-19_0120-0200_119,-10,Aditya_2018-08-19_0120-0200_119,1,,,,
155,,,,,,,,,,107182.94051627387,0.001172,107253.0864197531,0.015428,cf1,0.04156862194825953,0.081085205078125,0.014256,140.21312394840157,89756.59229208926,0.015428,105983.77281947262,0.0174,fm1,0.03612041676405568,0.086090087890625,0.001972,1012.1457489878543,segment_matching_annotaudio_Aditya_2018-08-19_0120-0200_120,-10,Aditya_2018-08-19_0120-0200_120,1,,,,
156,98382.74932614557,0.000328,106469.00269541779,0.001812,fm1,0.011703427533497459,0.026458740234375,0.001484,1344.0860215053765,107975.37977998953,0.001812,108106.33839706652,0.017084000000000002,cf1,0.036325595298009584,0.068206787109375,0.015271999999999999,130.89005235602093,94957.0815450644,0.017084000000000002,106759.65665236053,0.018948,fm2,0.027426572962951118,0.064117431640625,0.001864,1068.3760683760684,segment_matching_annotaudio_Aditya_2018-08-19_0120-0200_124,-10,Aditya_2018-08-19_0120-0200_124,1,,,,
157,93515.03759398496,0.000672,103383.45864661652,0.0028,fm1,0.05055564510520329,0.104705810546875,0.002128,936.3295880149813,105974.6768662622,0.0028,105974.6768662622,0.017963999999999997,cf1,0.07234408572364756,0.134796142578125,0.015163999999999999,131.85654008438817,91203.7037037037,0.017963999999999997,102777.77777777775,0.020124,fm2,0.041730535997757535,0.091461181640625,0.00216,922.509225092251,segment_matching_annotaudio_Aditya_2018-08-19_0120-0200_127,-10,Aditya_2018-08-19_0120-0200_127,1,,,,
158,101851.85185185184,0.000968,104166.66666666669,0.001832,fm1,0.01416074817341079,0.031951904296875,0.0008640000000000001,2293.577981651376,108329.23832923832,0.001832,108525.79852579851,0.042532,cf1,0.04912614741654865,0.106719970703125,0.0407,49.135220125786155,100202.42914979758,0.042532,106275.3036437247,0.043519999999999996,fm2,0.0174205137740716,0.032318115234375,0.0009880000000000002,2016.1290322580649,segment_matching_annotaudio_Aditya_2018-08-19_0120-0200_13,-10,Aditya_2018-08-19_0120-0200_13,1,,,,
159,96450.61728395065,0.000276,108796.29629629632,0.001572,fm1,0.011999461681975064,0.020599365234375,0.001296,1533.7423312883434,109345.79439252336,0.001572,109468.76537137237,0.042232,cf1,0.03018327216668655,0.070709228515625,0.04066,49.183553019870146,96441.94756554307,0.042232,109550.56179775283,0.0433,fm2,0.008417934275875382,0.019805908203125,0.001068,1865.6716417910445,segment_matching_annotaudio_Aditya_2018-08-19_0120-0200_14,-10,Aditya_2018-08-19_0120-0200_14,1,,,,
160,97868.21705426356,0.0008,105620.15503875972,0.001832,fm1,0.018181202752198138,0.034759521484375,0.001032,1923.0769230769229,106711.91553544496,0.001832,106873.51863822453,0.020396,cf1,0.033433536434963884,0.066375732421875,0.018563999999999997,107.7121930202499,96296.29629629626,0.020396,105555.55555555556,0.021476,fm2,0.013301676114639444,0.027191162109375,0.00108,1838.235294117647,segment_matching_annotaudio_Aditya_2018-08-19_0120-0200_19,-10,Aditya_2018-08-19_0120-0200_19,1,,,,
161,94008.26446280992,0.0016239999999999998,105371.90082644628,0.002592,fm1,0.045283673807776106,0.072296142578125,0.000968,2049.180327868853,107077.20588235294,0.002592,107120.97338935574,0.048288,cf1,0.09399436884531136,0.227874755859375,0.045696,43.75984596534221,102040.81632653062,0.048288,104081.63265306123,0.049268,fm2,0.03849279792637456,0.078338623046875,0.00098,2032.520325203252,segment_matching_annotaudio_Aditya_2018-08-19_0120-0200_21,-10,Aditya_2018-08-19_0120-0200_21,1,,,,
162,101083.03249097473,0.000732,105595.6678700361,0.0018399999999999998,fm1,0.0209764231195634,0.038909912109375,0.001108,1798.5611510791364,107524.45447705039,0.0018399999999999998,107562.07674943567,0.055,cf1,0.09736115633302313,0.219024658203125,0.05316,37.61661149563648,104729.72972972973,0.055,105855.85585585586,0.055888,fm2,0.0182739393626113,0.032440185546875,0.0008880000000000001,2232.1428571428573,segment_matching_annotaudio_Aditya_2018-08-19_0120-0200_22,-10,Aditya_2018-08-19_0120-0200_22,2,,,,
163,97115.38461538462,0.000452,104807.69230769233,0.001492,fm1,0.007027292156547968,0.013275146484375,0.0010400000000000001,1908.3969465648852,106018.06640625,0.001492,106058.75651041666,0.050644,cf1,0.025714668528604274,0.061798095703125,0.049152,40.68348250610252,101123.59550561797,0.050644,102996.25468164793,0.051712,fm2,0.010627809648847108,0.021331787109375,0.001068,1865.6716417910445,segment_matching_annotaudio_Aditya_2018-08-19_0120-0200_24,-10,Aditya_2018-08-19_0120-0200_24,1,,,,
164,91796.875,0.000544,102213.54166666666,0.0020800000000000003,fm1,0.01186023591829188,0.025787353515625,0.001536,1295.3367875647666,102872.18217187321,0.0020800000000000003,103215.4708776748,0.037036,cf1,0.023614033188989542,0.047637939453125,0.034956,57.20823798627003,88790.93198992443,0.037036,100755.66750629725,0.038624,fm2,0.014916660461296484,0.033233642578125,0.001588,1256.2814070351758,segment_matching_annotaudio_Aditya_2018-08-19_0120-0200_60,-10,Aditya_2018-08-19_0120-0200_60,2,,,,
165,95659.16398713828,0.001048,102090.03215434084,0.002292,fm1,0.032230130148396416,0.054718017578125,0.0012439999999999999,1602.5641025641025,103016.7748917749,0.002292,103152.05627705627,0.017075999999999997,cf1,0.05984569597719415,0.109405517578125,0.014784,135.2082206598161,88747.09976798146,0.017075999999999997,101508.12064965199,0.0188,fm2,0.052010670209470776,0.102203369140625,0.0017239999999999998,1157.4074074074076,segment_matching_annotaudio_Aditya_2018-08-19_0120-0200_63,-10,Aditya_2018-08-19_0120-0200_63,1,,,,
166,100267.37967914439,0.00054,101604.27807486634,0.001288,fm1,0.019488808090588387,0.041168212890625,0.0007480000000000001,2659.5744680851058,103322.62845849805,0.001288,103446.14624505931,0.017480000000000002,cf1,0.046533863009044336,0.090911865234375,0.016191999999999998,123.45679012345678,90846.99453551912,0.017480000000000002,98360.65573770492,0.018944,fm2,0.01629645339247343,0.039886474609375,0.001464,1358.695652173913,segment_matching_annotaudio_Aditya_2018-08-19_0120-0200_64,-10,Aditya_2018-08-19_0120-0200_64,1,,,,
167,92741.93548387096,0.000848,97350.23041474656,0.002584,fm1,0.01445609188878868,0.026702880859375,0.001736,1146.788990825688,106448.76325088339,0.002584,106595.9952885748,0.016168000000000002,cf1,0.030354838879204937,0.068817138671875,0.013584,147.14537963507945,88035.01945525291,0.016168000000000002,97762.64591439687,0.018224,fm2,0.024130877138393448,0.050018310546875,0.0020559999999999997,968.9922480620157,segment_matching_annotaudio_Aditya_2018-08-19_0120-0200_65,-10,Aditya_2018-08-19_0120-0200_65,2,,,,
168,94086.02150537632,0.000156,105913.97849462368,0.002016,fm1,0.015239211191198572,0.035736083984375,0.00186,1072.961373390558,106916.81735985533,0.002016,107142.85714285713,0.015288,cf1,0.03292331278100849,0.068511962890625,0.013271999999999999,150.60240963855418,90336.13445378152,0.015288,93487.3949579832,0.017192,fm2,0.021989763191659576,0.046661376953125,0.0019039999999999999,1046.0251046025103,segment_matching_annotaudio_Aditya_2018-08-19_0120-0200_66,-10,Aditya_2018-08-19_0120-0200_66,3,,,,
169,,,,,,,,,,102427.597955707,0.001056,102587.30834752982,0.01984,cf1,0.02508884339405632,0.050262451171875,0.018784,106.42826734780758,95180.72289156627,0.01984,101204.81927710844,0.0215,fm1,0.012606045772631266,0.029876708984375,0.0016600000000000002,1201.923076923077,segment_matching_annotaudio_Aditya_2018-08-19_0120-0200_72,-10,Aditya_2018-08-19_0120-0200_72,1,,,,
170,104651.16279069768,0.001048,108139.53488372092,0.0019079999999999998,fm1,0.005988413441264525,0.013214111328125,0.00086,2314.8148148148152,109448.70283018867,0.0019079999999999998,109522.40566037738,0.042612,cf1,0.02168033560478972,0.044830322265625,0.040704000000000004,49.12556494399686,93648.20846905537,0.042612,106677.52442996742,0.04384,fm2,0.009829834300316687,0.018218994140625,0.001228,1623.3766233766235,segment_matching_annotaudio_Aditya_2018-08-19_0120-0200_73,-10,Aditya_2018-08-19_0120-0200_73,1,,,,
171,104166.66666666669,0.000968,108796.29629629626,0.0014,fm1,0.03753345847195656,0.068634033203125,0.00043200000000000004,4545.454545454545,108890.78863004917,0.0014,108997.64907031418,0.020116,cf1,0.10098707106144868,0.191986083984375,0.018716,106.83760683760686,86776.85950413223,0.020116,108471.07438016527,0.022052000000000002,fm2,0.06577784219840888,0.134979248046875,0.001936,1028.80658436214,segment_matching_annotaudio_Aditya_2018-08-19_0120-0200_74,-10,Aditya_2018-08-19_0120-0200_74,2,,,,
172,100502.51256281408,0.000936,103015.07537688443,0.001732,fm1,0.013479432308931331,0.030792236328125,0.000796,2500.0,105953.43353964043,0.001732,106248.15797229591,0.015304,cf1,0.051640721653239435,0.094818115234375,0.013572,147.3187978786093,91597.79614325069,0.015304,106749.31129476584,0.016756,fm2,0.037527971057697285,0.081634521484375,0.001452,1373.6263736263734,segment_matching_annotaudio_Aditya_2018-08-19_0120-0200_79,-10,Aditya_2018-08-19_0120-0200_79,1,,,,
173,103658.53658536584,0.0016359999999999999,106707.31707317072,0.001964,fm1,0.05882631934551855,0.092254638671875,0.000328,5952.380952380952,109626.69394016877,0.001964,109818.46075172591,0.033252,cf1,0.12147628126989178,0.228729248046875,0.031287999999999996,63.905930470347656,58823.52941176471,0.033252,117647.0588235294,0.033319999999999995,fm2,0.05637984422532372,0.078216552734375,6.8e-05,27777.777777777777,segment_matching_annotaudio_Aditya_2018-08-19_0120-0200_8,-10,Aditya_2018-08-19_0120-0200_8,1,,,,
174,95117.84511784509,0.00020800000000000001,103535.35353535351,0.001396,fm1,0.03762548065866637,0.091094970703125,0.001188,1677.8523489932886,105035.49245785273,0.001396,105090.94942324756,0.019428,cf1,0.1010455183738852,0.215850830078125,0.018032,110.86474501108648,94919.78609625668,0.019428,105614.97326203207,0.020176,fm2,0.030076616419483438,0.058685302734375,0.0007480000000000001,2659.5744680851058,segment_matching_annotaudio_Aditya_2018-08-19_0120-0200_83,-10,Aditya_2018-08-19_0120-0200_83,1,,,,
175,97826.08695652176,0.001076,106777.49360613813,0.00264,fm1,0.028396189193105083,0.062835693359375,0.001564,1275.5102040816328,108003.32317917477,0.00264,108211.02187759627,0.017084000000000002,cf1,0.05752007928386035,0.110198974609375,0.014444,138.42746400885937,93427.83505154641,0.017084000000000002,106958.76288659793,0.018636,fm2,0.022206061744949025,0.039703369140625,0.001552,1282.051282051282,segment_matching_annotaudio_Aditya_2018-08-19_0120-0200_90,-10,Aditya_2018-08-19_0120-0200_90,1,,,,
176,90909.09090909091,0.000992,125000.0,0.001168,fm1,0.005551370820895681,0.009918212890625,0.000176,10869.565217391304,106347.89777411376,0.001168,106485.29815883485,0.015724000000000002,cf1,0.020369892276741727,0.043548583984375,0.014556,137.36263736263737,95394.73684210527,0.015724000000000002,105263.15789473684,0.017244,fm2,0.011028276190092818,0.024139404296875,0.0015199999999999999,1308.9005235602094,segment_matching_annotaudio_Aditya_2018-08-19_0120-0200_93,-10,Aditya_2018-08-19_0120-0200_93,1,,,,
177,,,,,,,,,,103150.3061426032,0.000736,103249.06182105473,0.020988,cf1,0.015103757117918096,0.030426025390625,0.020252000000000003,98.73617693522907,87209.30232558139,0.020988,94080.33826638476,0.02288,fm1,0.012418902168090351,0.025177001953125,0.0018920000000000002,1054.8523206751054,segment_matching_annotaudio_Aditya_2018-08-19_0120-0200_94,-10,Aditya_2018-08-19_0120-0200_94,1,,,,
178,104166.66666666669,0.000572,102678.57142857142,0.0012439999999999999,fm1,0.04611222116036563,0.101776123046875,0.000672,2941.1764705882347,107104.55764075066,0.0012439999999999999,107238.60589812332,0.016163999999999998,cf1,0.1611324292028909,0.275482177734375,0.01492,133.9764201500536,100694.44444444444,0.016163999999999998,105034.72222222223,0.017315999999999998,fm2,0.11807041260017075,0.223602294921875,0.001152,1724.1379310344828,segment_matching_annotaudio_Aditya_2018-08-19_0120-0200_96,-10,Aditya_2018-08-19_0120-0200_96,1,,,,
179,,,,,,,,,,104785.4785478548,0.002564,105085.50855085508,0.015896,cf1,0.012843346456496957,0.033416748046875,0.013332,149.97000599880025,90361.44578313251,0.015896,98192.77108433736,0.017556,fm1,0.0239840938637271,0.057098388671875,0.0016600000000000002,1201.923076923077,segment_matching_annotaudio_Aditya_2018-08-20_0200-0300_11,-10,Aditya_2018-08-20_0200-0300_11,1,,,,
180,88694.85294117649,0.000772,104779.41176470587,0.002948,fm1,0.02830894060061503,0.052764892578125,0.002176,915.7509157509156,106300.81300813008,0.002948,106453.25203252034,0.022628,cf1,0.03944878093669483,0.071746826171875,0.01968,101.58472165786266,86538.46153846155,0.022628,93531.46853146852,0.024916,fm2,0.03264048602317135,0.069366455078125,0.002288,871.0801393728223,segment_matching_annotaudio_Aditya_2018-08-20_0200-0300_16,-10,Aditya_2018-08-20_0200-0300_16,1,,,,
181,91494.84536082475,0.000184,103737.11340206183,0.001736,fm1,0.02006567576028311,0.045684814453125,0.001552,1282.051282051282,105693.24712643678,0.001736,105827.94540229882,0.024008,cf1,0.018637164188528062,0.044647216796875,0.022272,89.76660682226212,44146.8253968254,0.024008,90773.80952380953,0.026024000000000002,fm2,0.01043810865656906,0.028839111328125,0.002016,988.1422924901185,segment_matching_annotaudio_Aditya_2018-08-20_0200-0300_23,-10,Aditya_2018-08-20_0200-0300_23,2,,,,
182,90311.00478468901,0.00058,102870.8133971292,0.002252,fm1,0.019336639498669803,0.040740966796875,0.0016719999999999999,1190.4761904761906,104580.04892633867,0.002252,104783.90867083444,0.016968,cf1,0.037053134479298235,0.067779541015625,0.014716,135.8695652173913,86592.17877094973,0.016968,92178.77094972068,0.019116,fm2,0.02083128296307647,0.045867919921875,0.002148,929.3680297397771,segment_matching_annotaudio_Aditya_2018-08-20_0200-0300_38,-10,Aditya_2018-08-20_0200-0300_38,1,,,,
183,,,,,,,,,,104527.52529583263,0.000736,104613.27388098095,0.024059999999999998,cf1,0.030561319731421507,0.070648193359375,0.023324,85.73388203017831,87868.48072562358,0.024059999999999998,92403.62811791383,0.025824,fm1,0.013178404666817009,0.030181884765625,0.0017640000000000002,1131.2217194570135,segment_matching_annotaudio_Aditya_2018-08-20_0200-0300_39,-10,Aditya_2018-08-20_0200-0300_39,2,,,,
184,94433.39960238569,0.0,104373.7574552684,0.002012,fm1,0.006298334876448065,0.015472412109375,0.002012,992.0634920634919,104325.84269662922,0.002012,104353.93258426967,0.037612,cf1,0.02732167238227754,0.061126708984375,0.0356,56.167153448663214,91708.54271356783,0.037612,98827.47068676716,0.04,fm2,0.01997937177663648,0.046234130859375,0.002388,836.1204013377927,segment_matching_annotaudio_Aditya_2018-08-20_0200-0300_54,-10,Aditya_2018-08-20_0200-0300_54,1,,,,
185,91437.63213530654,0.000824,103594.08033826637,0.002716,fm1,0.014666420394188187,0.034759521484375,0.0018920000000000002,1054.8523206751054,105092.18612818264,0.002716,105267.77875329237,0.025496,cf1,0.024068437743713,0.044952392578125,0.02278,87.78089887640448,86162.98811544992,0.025496,103565.36502546688,0.027852,fm2,0.019183682050699025,0.050201416015625,0.002356,847.4576271186439,segment_matching_annotaudio_Aditya_2018-08-20_0200-0300_61,-10,Aditya_2018-08-20_0200-0300_61,1,,,,
186,94078.94736842104,1.2e-05,98684.2105263158,0.001532,fm1,0.008748810600346955,0.018218994140625,0.0015199999999999999,1308.9005235602094,106123.50804359108,0.001532,106253.24338349767,0.016947999999999998,cf1,0.01401445944770605,0.032318115234375,0.015416,129.66804979253112,90053.76344086023,0.016947999999999998,95878.13620071684,0.019180000000000003,fm2,0.005592085358496705,0.015167236328125,0.002232,892.8571428571429,segment_matching_annotaudio_Aditya_2018-08-20_0200-0300_64,-10,Aditya_2018-08-20_0200-0300_64,1,,,,
187,91445.42772861358,0.000356,93657.81710914453,0.0017120000000000002,fm1,0.017517113603989432,0.037933349609375,0.001356,1470.5882352941173,104243.54243542436,0.0017120000000000002,104411.27138544113,0.02556,cf1,0.04988924784486665,0.101654052734375,0.023847999999999998,83.83635144198523,43877.551020408166,0.02556,102551.02040816328,0.02752,fm2,0.01479825087533753,0.033721923828125,0.00196,1016.260162601626,segment_matching_annotaudio_Aditya_2018-08-20_0200-0300_66,-10,Aditya_2018-08-20_0200-0300_66,3,,,,
188,91973.24414715717,9.2e-05,97826.08695652171,0.001288,fm1,0.006126061838386754,0.013458251953125,0.001196,1666.666666666667,104285.71428571429,0.001288,104428.57142857145,0.022288,cf1,0.019129485075824286,0.044586181640625,0.021,95.20182787509519,89330.02481389578,0.022288,94913.15136476426,0.0239,fm2,0.010611347956098905,0.023895263671875,0.0016120000000000002,1237.6237623762374,segment_matching_annotaudio_Aditya_2018-08-20_0200-0300_71,-10,Aditya_2018-08-20_0200-0300_71,1,,,,
189,,,,,,,,,,105921.93808882906,0.00168,105921.93808882906,0.0314,cf1,0.025051623633218542,0.054473876953125,0.02972,67.27664155005381,88659.79381443301,0.0314,104123.7113402062,0.033339999999999995,fm1,0.01439876693539564,0.033233642578125,0.0019399999999999999,1028.80658436214,segment_matching_annotaudio_Aditya_2018-08-20_0200-0300_72,-10,Aditya_2018-08-20_0200-0300_72,1,,,,
190,,,,,,,,,,102836.87943262412,0.000128,102947.695035461,0.018175999999999998,cf1,0.013144821366478895,0.027679443359375,0.018047999999999998,110.76650420912716,89743.58974358975,0.018175999999999998,101398.6013986014,0.019892,fm1,0.0077285419257110315,0.016510009765625,0.001716,1162.7906976744189,segment_matching_annotaudio_Aditya_2018-08-20_0200-0300_73,-10,Aditya_2018-08-20_0200-0300_73,1,,,,
191,12096.774193548386,0.0008759999999999999,104838.70967741935,0.001124,fm1,0.0030871449994047525,0.007171630859375,0.000248,7812.5,105932.20338983052,0.001124,106114.45234189904,0.023072,cf1,0.016410617756093773,0.036407470703125,0.021948,91.10787172011663,90962.441314554,0.023072,102112.67605633802,0.024776,fm2,0.007591414932924647,0.015411376953125,0.001704,1168.2242990654206,segment_matching_annotaudio_Aditya_2018-08-20_0200-0300_76,-10,Aditya_2018-08-20_0200-0300_76,1,,,,
192,90395.48022598874,0.000612,98870.05649717513,0.0020280000000000003,fm1,0.00547965544540099,0.017791748046875,0.001416,1404.4943820224719,101244.47545940918,0.0020280000000000003,101477.08769481276,0.019224,cf1,0.012141010517790755,0.030426025390625,0.017196,116.27906976744184,42959.42720763723,0.019224,102625.2983293556,0.0209,fm2,0.0062813944732088576,0.016387939453125,0.0016760000000000002,1190.4761904761906,segment_matching_annotaudio_Aditya_2018-08-20_0200-0300_79,-10,Aditya_2018-08-20_0200-0300_79,1,,,,
193,92233.00970873787,0.000288,96278.31715210355,0.001524,fm1,0.012660318171599743,0.025909423828125,0.001236,1612.9032258064515,104201.60238494504,0.001524,104294.76430035404,0.022992,cf1,0.030241481836301883,0.069610595703125,0.021468,93.14456035767513,43791.57427937916,0.022992,99778.27050997782,0.024796000000000002,fm2,0.018671321313993718,0.047393798828125,0.0018039999999999998,1106.1946902654868,segment_matching_annotaudio_Aditya_2018-08-20_0200-0300_80,-10,Aditya_2018-08-20_0200-0300_80,1,,,,
194,88075.88075880757,0.000696,98915.9891598916,0.002172,fm1,0.02390786169707433,0.042449951171875,0.0014759999999999999,1351.3513513513512,100981.70034311856,0.002172,101362.9431948151,0.023156,cf1,0.029686772987611517,0.060760498046875,0.020984,95.27439024390243,84188.91170431212,0.023156,98049.2813141684,0.025103999999999998,fm2,0.016893397653606246,0.036346435546875,0.001948,1024.5901639344265,segment_matching_annotaudio_Aditya_2018-08-20_0200-0300_88,-10,Aditya_2018-08-20_0200-0300_88,1,,,,
195,93220.33898305084,0.000776,94632.76836158194,0.0021920000000000004,fm1,0.0036947893532472366,0.009368896484375,0.001416,1404.4943820224719,104823.52941176473,0.0021920000000000004,105058.82352941179,0.019191999999999997,cf1,0.011610490144692986,0.026031494140625,0.017,117.59172154280338,90909.09090909091,0.019191999999999997,103104.21286031044,0.020996,fm2,0.010473077660644892,0.022979736328125,0.0018039999999999998,1106.1946902654868,segment_matching_annotaudio_Aditya_2018-08-20_0200-0300_90,-10,Aditya_2018-08-20_0200-0300_90,1,,,,
196,,,,,,,,,,105413.58439811699,0.0007559999999999999,105497.646267653,0.012652,cf1,0.02809623601855721,0.056793212890625,0.011895999999999999,168.01075268817203,94213.64985163207,0.012652,97922.84866468844,0.013999999999999999,fm1,0.033765289361714385,0.063873291015625,0.001348,1479.2899408284025,segment_matching_annotaudio_Aditya_2018-08-20_0200-0300_92,-10,Aditya_2018-08-20_0200-0300_92,1,,,,
197,103225.80645161292,0.001232,106451.61290322582,0.001852,fm1,0.003158223336963471,0.007598876953125,0.00062,3205.128205128205,105891.6058916059,0.001852,106070.35607035608,0.029824,cf1,0.0428754645694701,0.098114013671875,0.027972000000000004,71.4898484415213,89613.97058823529,0.029824,105238.97058823529,0.032,fm2,0.025627700515936228,0.056121826171875,0.002176,915.7509157509156,segment_matching_annotaudio_Aditya_2018-08-20_0300-0400_18,-10,Aditya_2018-08-20_0300-0400_18,2,,,,
198,94101.12359550562,0.0008960000000000001,106741.57303370787,0.00232,fm1,0.015120380636308578,0.034149169921875,0.001424,1396.6480446927374,106224.62787550745,0.00232,106698.24086603518,0.0171,cf1,0.039346200945012864,0.074005126953125,0.014780000000000001,135.2813852813853,92326.13908872902,0.0171,104316.54676258992,0.018768,fm2,0.021507362376533768,0.041961669921875,0.001668,1196.1722488038274,segment_matching_annotaudio_Aditya_2018-08-20_0300-0400_19,-10,Aditya_2018-08-20_0300-0400_19,1,,,,
199,91397.8494623656,0.00044,97849.4623655914,0.0023,fm1,0.00586064523170522,0.012542724609375,0.00186,1072.961373390558,104881.0739821976,0.0023,104917.5543557566,0.029712,cf1,0.018250451004533503,0.039764404296875,0.027412,72.95010213014298,59976.247030878876,0.029712,93230.40380047508,0.031396,fm2,0.007807661747736176,0.019317626953125,0.001684,1184.8341232227488,segment_matching_annotaudio_Aditya_2018-08-20_0300-0400_25,-10,Aditya_2018-08-20_0300-0400_25,1,,,,
200,92570.75471698113,0.000788,101415.09433962264,0.002484,fm1,0.022836740322377726,0.049652099609375,0.001696,1173.7089201877934,102543.3695971773,0.002484,102616.87738900325,0.016087999999999998,cf1,0.02619404162227673,0.049774169921875,0.013604,146.9723691945914,85240.27459954232,0.016087999999999998,96109.83981693363,0.017836,fm2,0.01983087140604322,0.045135498046875,0.001748,1141.552511415525,segment_matching_annotaudio_Aditya_2018-08-20_0300-0400_35,-10,Aditya_2018-08-20_0300-0400_35,1,,,,
201,100000.0,0.000916,106250.0,0.001396,fm1,0.01178088141892662,0.024688720703125,0.00047999999999999996,4098.360655737705,106888.47235238989,0.001396,106935.3327085286,0.022736000000000003,cf1,0.03840336776324985,0.078826904296875,0.02134,93.70314842578709,89488.63636363637,0.022736000000000003,100142.04545454547,0.024144,fm2,0.023277556076574737,0.063751220703125,0.001408,1412.4293785310736,segment_matching_annotaudio_Aditya_2018-08-20_0300-0400_58,-10,Aditya_2018-08-20_0300-0400_58,1,,,,
202,43736.50107991362,0.000348,90172.78617710584,0.0022,fm1,0.019533975248343667,0.049224853515625,0.001852,1077.5862068965516,101797.80527667524,0.0022,101856.175577866,0.019332,cf1,0.033817273773536084,0.063568115234375,0.017131999999999998,116.71335200746964,83520.17937219731,0.019332,89686.09865470849,0.021116,fm2,0.04186743351241426,0.101837158203125,0.001784,1116.0714285714287,segment_matching_annotaudio_Aditya_2018-08-20_0300-0400_85,-10,Aditya_2018-08-20_0300-0400_85,1,,,,
203,92689.29503916447,0.000452,95953.00261096604,0.001984,fm1,0.017135948289991616,0.029693603515625,0.001532,1302.0833333333333,105600.53981106613,0.001984,105937.92172739538,0.01384,cf1,0.04824326835161041,0.086761474609375,0.011856,168.57720836142954,86680.76109936574,0.01384,104651.16279069765,0.015732,fm2,0.0570900083551807,0.120452880859375,0.0018920000000000002,1054.8523206751054,segment_matching_annotaudio_Aditya_2018-08-20_0300-0400_90,-10,Aditya_2018-08-20_0300-0400_90,1,,,,
204,,,,,,,,,,105027.46596608552,0.002064,105146.88320993552,0.018812,cf1,0.023841561915945258,0.043060302734375,0.016748,119.38872970391596,87434.0949033392,0.018812,101054.48154657296,0.021088,fm1,0.021487711648703924,0.047088623046875,0.0022760000000000002,877.1929824561405,segment_matching_annotaudio_Aditya_2018-08-20_0300-0400_91,-10,Aditya_2018-08-20_0300-0400_91,1,,,,
205,,,,,,,,,,106135.8909174948,0.001256,106366.99792003696,0.018563999999999997,cf1,0.015592232863592263,0.033782958984375,0.017308,115.52680221811458,87009.80392156863,0.018563999999999997,105392.15686274509,0.020196000000000002,fm1,0.01850493426460054,0.041595458984375,0.001632,1219.5121951219512,segment_matching_annotaudio_Aditya_2018-08-20_0300-0400_92,-10,Aditya_2018-08-20_0300-0400_92,1,,,,
