,odd_calls
0,Aditya_2018-08-16_21502300_100
1,Aditya_2018-08-16_21502300_102
2,Aditya_2018-08-16_21502300_19
3,Aditya_2018-08-16_2324_14
4,Aditya_2018-08-16_2324_148
5,Aditya_2018-08-16_2324_154
6,Aditya_2018-08-16_2324_197
7,Aditya_2018-08-16_2324_207
8,Aditya_2018-08-16_2324_223
9,Aditya_2018-08-16_2324_230
10,Aditya_2018-08-16_2324_258
11,Aditya_2018-08-16_2324_28
12,Aditya_2018-08-16_2324_68
13,Aditya_2018-08-16_2324_90
14,Aditya_2018-08-16_2324_94
15,Aditya_2018-08-17_01_15
16,Aditya_2018-08-17_01_28
17,Aditya_2018-08-17_01_29
18,Aditya_2018-08-17_01_35
19,Aditya_2018-08-17_01_40
20,Aditya_2018-08-17_01_46
21,Aditya_2018-08-17_01_60
22,Aditya_2018-08-17_01_80
23,Aditya_2018-08-17_01_81
24,Aditya_2018-08-17_12_100
25,Aditya_2018-08-17_12_108
26,Aditya_2018-08-17_12_110
27,Aditya_2018-08-17_12_117
28,Aditya_2018-08-17_12_121
29,Aditya_2018-08-17_12_76
30,Aditya_2018-08-17_34_40
31,Aditya_2018-08-17_34_65
32,Aditya_2018-08-17_34_71
33,Aditya_2018-08-17_34_72
34,Aditya_2018-08-17_45_116
35,Aditya_2018-08-17_45_126
36,Aditya_2018-08-17_45_127
37,Aditya_2018-08-17_45_173
38,Aditya_2018-08-17_45_200
39,Aditya_2018-08-17_45_203
40,Aditya_2018-08-17_45_269
41,Aditya_2018-08-17_45_29
42,Aditya_2018-08-17_45_337
43,Aditya_2018-08-17_45_342
44,Aditya_2018-08-19_0120-0200_110
45,Aditya_2018-08-19_0120-0200_112
46,Aditya_2018-08-19_0120-0200_59
47,Aditya_2018-08-19_0120-0200_90
48,Aditya_2018-08-19_23_16
49,Aditya_2018-08-19_23_17
50,Aditya_2018-08-19_23_18
51,Aditya_2018-08-19_23_39
52,Aditya_2018-08-20_0300-0400_56
53,Aditya_2018-08-17_23_111
54,Aditya_2018-08-17_23_133
55,Aditya_2018-08-17_23_14
56,Aditya_2018-08-17_23_145
57,Aditya_2018-08-17_23_15
58,Aditya_2018-08-17_23_173
59,Aditya_2018-08-17_23_196
60,Aditya_2018-08-17_23_56
61,Aditya_2018-08-17_23_70
62,Aditya_2018-08-17_23_84
